model,term,PR,CI_low,CI_high,p_value,n,events
M0_unadjusted,(Intercept),0.0036741911911082163,6.062771366488174e-4,0.02226651821877431,1.0691737139470963e-9,800,148
M0_unadjusted,sitting_hours,1.6644748375498417,1.4156258196049523,1.957068348477642,6.973581625333019e-10,800,148
M0_unadjusted,breaks_per_hour,0.8807849371705043,0.7442420029701936,1.0423788263096982,0.13966801674993268,800,148
M1_demographics,(Intercept),2.2716754160663624e-4,2.8664495404052733e-5,0.0018003139853739279,1.9618847646882924e-15,800,148
M1_demographics,sitting_hours,1.5569274186976456,1.3140700732358122,1.8446679796333194,3.1104108607156013e-7,800,148
M1_demographics,breaks_per_hour,0.9380571557651975,0.7880171456259824,1.1166650781224812,0.47209332056206493,800,148
M1_demographics,age,1.0600607850926356,1.0455622809984346,1.0747603356713835,1.0320027045098207e-16,800,148
M1_demographics,sexMale,1.0447837108811278,0.8060168187814729,1.3542806763918,0.7406900198739266,800,148
M2_lifestyle,(Intercept),0.010816054570872969,5.453812254459336e-4,0.21450506732138988,0.002978227542908778,717,135
M2_lifestyle,sitting_hours,1.3570623780057804,1.1273995690276546,1.6335098472558756,0.0012484304719415354,717,135
M2_lifestyle,breaks_per_hour,0.9180477774534659,0.7650035511559057,1.1017095546991593,0.35812051701246655,717,135
M2_lifestyle,age,1.0508479863964586,1.0352771733092885,1.0666529881883025,7.427523428787143e-11,717,135
M2_lifestyle,sexMale,1.0867687869780551,0.829139722042859,1.4244479729421322,0.5466822980796698,717,135
M2_lifestyle,current_smokerYes,1.013638616504388,0.7045204275768484,1.4583867332318836,0.9418186114831981,717,135
M2_lifestyle,mvpa_min_week,0.9966622695410442,0.9949613026115467,0.9983661444112703,1.2492936511061296e-4,717,135
M2_lifestyle,sleep_hours,0.8122529984875142,0.6766147182256097,0.975082149087939,0.025704373580315854,717,135
M2_lifestyle,diet_quality_score,0.9915689161148358,0.9844073510624288,0.9987825815644458,0.022059500861694416,717,135
M3_plus_BMI,(Intercept),1.2614227969461638e-5,3.82347560581913e-7,0.00041616257999234493,2.551385369843938e-10,717,135
M3_plus_BMI,sitting_hours,1.2872544753258885,1.0801313743162015,1.534094947751648,0.0047849863960986476,717,135
M3_plus_BMI,breaks_per_hour,0.9158375941678571,0.7642996345878005,1.097421038731132,0.3407726910584908,717,135
M3_plus_BMI,age,1.050467459038986,1.0351090421478886,1.0660537562400758,5.6815725546930236e-11,717,135
M3_plus_BMI,sexMale,1.1058143062873844,0.8504806179583105,1.4378049942224438,0.4527149865256148,717,135
M3_plus_BMI,current_smokerYes,0.9701686610699908,0.6790096559570492,1.3861765037725415,0.8678842707626613,717,135
M3_plus_BMI,mvpa_min_week,0.9975592693102552,0.9959492579020846,0.9991718833979437,0.0030246235176622778,717,135
M3_plus_BMI,sleep_hours,1.0086838477236673,0.8279582567041633,1.2288579725126936,0.9316000547141742,717,135
M3_plus_BMI,diet_quality_score,0.9936491460597675,0.9868870971801719,1.0004575278027483,0.06744879760221222,717,135
M3_plus_BMI,bmi,1.2474929564573842,1.1865996505303773,1.311511153500837,4.687711629144917e-18,717,135
