characteristic,overall,no_multiple_markers,multiple_markers
"Age, years",48.8 (12.2),46.8 (11.8),57.8 (9.2)
"Male, n (%)",402 (50.2%),326 (50.0%),76 (51.4%)
"BMI, kg/m2",24.0 (2.8),23.4 (2.7),26.4 (2.4)
"Current smoker, n (%)",125 (15.6%),97 (14.9%),28 (18.9%)
"Sleep, hours/day",6.8 (0.8),6.9 (0.8),6.3 (0.8)
"MVPA, min/week","137.0 [68.0, 217.0]","148.0 [83.2, 241.2]","87.5 [26.8, 139.8]"
"Sitting time, hours/day",7.9 (1.4),7.7 (1.3),8.9 (1.1)
"Sitting breaks, per hour",3.4 (1.3),3.6 (1.3),2.6 (1.1)
Diet quality (simulated 0-100),52.1 (20.2),53.9 (19.9),44.3 (19.9)
"Fasting glucose, mg/dL",92.9 (8.9),90.4 (7.5),104.2 (5.5)
"HbA1c, %",5.2 (0.3),5.1 (0.3),5.6 (0.2)
"Triglycerides, mg/dL","109.3 [86.9, 134.6]","101.2 [80.4, 123.1]","157.2 [134.4, 181.7]"
"HDL cholesterol, mg/dL",54.6 (7.4),56.1 (6.7),48.1 (6.8)
"Systolic blood pressure, mmHg",119.5 (11.1),116.7 (9.7),131.7 (7.8)
