id,age,sex,bmi,sleep_hours,mvpa_min_week,sitting_hours,breaks_per_hour,diet_quality_score,current_smoker,fasting_glucose,hba1c,triglycerides,hdl,sbp,elevated_glycemia,elevated_sbp,high_triglycerides,low_hdl,risk_marker_count,multiple_risk_markers
P0001,41,Female,25.8,6.4,74,9.7,2.6,35.5,No,94.2,5.4,110.5,54.3,114.5,0,0,0,0,0,0
P0002,54,Female,27.7,6.4,73,10.1,1.6,31.7,No,115.7,5.7,238.5,43.6,136.2,1,1,1,1,4,1
P0003,47,Male,22.2,7.1,128,7.1,2.9,22.9,No,97.9,5.2,100.8,51.2,125.5,0,0,0,0,0,0
P0004,27,Female,24.8,7.7,55,6.6,4.4,37.5,No,84.1,4.8,118.7,59.7,103.1,0,0,0,0,0,0
P0005,53,Female,23.9,5.6,170,5.6,3.9,48,No,84.3,4.8,75.7,59.6,115.1,0,0,0,0,0,0
P0006,43,Female,25.4,5.5,52,10.3,1,25.1,No,91.8,5.5,111.6,47.8,125,0,0,0,1,1,0
P0007,71,Female,26.4,5.8,102,8.1,3.6,45.7,Yes,99.8,5.3,129.3,61.4,133.9,0,1,0,0,1,0
P0008,47,Male,25.9,6.4,348,9,1.8,42.7,No,89.6,5.2,90,49.8,116.1,0,0,0,0,0,0
P0009,35,Female,23.7,7.4,150,7.1,5.2,65.3,No,89.3,5,99.3,56.1,111.6,0,0,0,0,0,0
P0010,51,Male,21.7,5.6,137,9,1.8,53.7,No,92.2,4.8,77.6,59.2,124.3,0,0,0,0,0,0
P0011,47,Male,24.7,5.8,76,6.6,4,24.8,No,93.9,5.3,99.5,58.4,116.2,0,0,0,0,0,0
P0012,48,Female,23.6,7.4,181,8.5,3.4,13.2,No,87.2,5.3,102.6,63.7,111.4,0,0,0,0,0,0
P0013,45,Female,21.1,5.9,479,5.7,5.2,66.9,No,79.5,4.9,94.2,61.5,120.7,0,0,0,0,0,0
P0014,39,Male,23.1,7,183,8.1,2,59.9,Yes,88.6,5.4,92.6,56.3,106.6,0,0,0,0,0,0
P0015,51,Male,24.7,5.5,0,7.3,2.9,48.7,No,97.1,5.3,186,37.2,135,0,1,1,1,3,1
P0016,71,Male,24.2,7.1,92,9.3,1.3,55.4,No,97.4,5.2,135.9,48.1,133.9,0,1,0,0,1,0
P0017,28,Male,18.2,6.9,253,6.8,5.3,67.6,No,85.2,5,66.7,50.7,105.4,0,0,0,0,0,0
P0018,59,Male,25.1,6.9,98,8.8,3.8,52.4,Yes,106.3,5.5,126.1,45.6,127.2,1,0,0,0,1,0
P0019,56,Female,26.1,6.3,61,8.7,2.4,24.4,No,102.8,5.7,132,53.3,120.4,1,0,0,0,1,0
P0020,55,Male,18.4,7.5,0,8.9,3.5,63.8,No,90.9,4.9,108.2,48.6,113.8,0,0,0,0,0,0
P0021,45,Female,28.7,6.5,106,6,5.1,88.7,No,94.7,5.6,141.9,53,117.5,0,0,0,0,0,0
P0022,50,Male,25.6,6.7,89,8.2,2,70.4,No,97.7,5.6,130.2,43.8,121.6,0,0,0,0,0,0
P0023,42,Male,23,5.9,57,9.9,1.4,45.5,No,99.6,5.2,137.8,43.2,113.8,0,0,0,0,0,0
P0024,55,Female,25.4,6.1,121,5.2,5.8,51.3,No,85.3,5.1,89.5,56.4,125.4,0,0,0,0,0,0
P0025,47,Male,27.7,6.5,75,8.5,2.4,,No,95.8,5.3,109.2,47,124.2,0,0,0,0,0,0
P0026,44,Male,17.5,9,350,7.2,3.5,80.6,No,72.3,4.6,61.3,51.8,118.9,0,0,0,0,0,0
P0027,37,Male,20,7.8,234,6,4.9,66.1,No,83.7,4.9,72.9,61.8,112.7,0,0,0,0,0,0
P0028,56,Female,21.6,7.1,361,6.1,4.2,55.3,No,91.6,5.3,114.6,61.1,108.7,0,0,0,0,0,0
P0029,44,Male,24.2,7.1,,9.5,2.4,42.4,Yes,90.2,4.9,100.3,50.8,116.4,0,0,0,0,0,0
P0030,42,Male,16.2,7.6,365,6.6,5.3,86.8,No,72,4.6,46.5,63.3,113.5,0,0,0,0,0,0
P0031,49,Male,28.1,5.8,115,8.7,3.9,68.6,Yes,100.4,5.2,128.5,46.8,118.1,1,0,0,0,1,0
P0032,52,Male,19.9,6.3,152,6,3.5,63.2,No,95.4,4.9,126.4,55.9,123.8,0,0,0,0,0,0
P0033,33,Female,23.6,7.6,319,6.8,4.8,57.8,No,82.9,4.9,90,53.2,103.4,0,0,0,0,0,0
P0034,44,Female,23.9,6.7,0,8.6,2.4,88.7,No,84.7,5.1,69.9,50.7,119.2,0,0,0,0,0,0
P0035,51,Male,26.4,5.6,30,8.9,2.7,43,No,99.1,5.5,89.5,46.2,129.5,0,0,0,0,0,0
P0036,55,Female,22,8.9,0,7.6,3.4,69.7,No,82.5,5,71.1,61.5,115.1,0,0,0,0,0,0
P0037,45,Female,23,7.8,218,5.6,4.4,,No,87.4,5.2,101.2,63.1,107.1,0,0,0,0,0,0
P0038,43,Male,29.4,6.7,81,8,4.3,45.3,No,95,5.5,228.1,44.4,129.5,0,0,1,0,1,0
P0039,42,Male,28,6.8,217,9.3,1.9,33.7,No,101.3,5.6,130.1,49.9,122.7,1,0,0,0,1,0
P0040,38,Male,25.2,6.6,84,9,1.4,24.4,No,92.5,5.4,93,48.5,116.9,0,0,0,0,0,0
P0041,63,Male,26.4,,0,10.5,2.1,39.5,No,109.4,5.6,156.6,45.1,146,1,1,1,0,3,1
P0042,68,Female,23.5,7.6,172,9.1,1.4,39.6,No,100.5,5.2,136.9,52.8,136.8,1,1,0,0,2,1
P0043,50,Female,22.4,6.7,94,8,1.5,,No,101.6,5.3,104.5,59.6,130.1,1,1,0,0,2,1
P0044,53,Male,20.9,7.7,436,7,2.2,71.7,No,90.1,5.2,87.5,57.1,104.4,0,0,0,0,0,0
P0045,38,Female,29.2,5,392,5.3,4.4,28.4,No,94.3,5.5,128.6,52.1,135.7,0,1,0,0,1,0
P0046,30,Male,22.2,7.2,441,5.9,3.6,77.3,No,73.5,4.6,54.9,61.5,107.4,0,0,0,0,0,0
P0047,50,Female,24.6,5.9,128,8.8,3,43.8,No,99,5.1,85.1,63.3,116.7,0,0,0,0,0,0
P0048,69,Male,30.6,5.2,,8.8,3.4,34.1,Yes,110,5.8,184.1,42.9,148.1,1,1,1,0,3,1
P0049,29,Female,22.3,7.4,308,7,3.8,62.7,No,79.1,4.7,89.8,52.8,91.9,0,0,0,0,0,0
P0050,42,Female,24.8,7.1,0,5.8,5.1,72.5,No,90,5,151.2,56.7,122.2,0,0,1,0,1,0
P0051,51,Female,22.7,6,145,8.8,3.4,37.2,Yes,106,5.6,164.6,41.6,131.7,1,1,1,1,4,1
P0052,38,Female,25.6,7.7,273,8.7,2.3,48.6,No,89.8,5.2,146.9,62.4,106.7,0,0,0,0,0,0
P0053,48,Female,23.4,6.9,136,9.9,1.6,74,No,86.5,5,114.8,59.9,128,0,0,0,0,0,0
P0054,57,Female,22,8.1,0,7.4,2.2,57.2,No,88.3,5.1,117.8,53.5,122.7,0,0,0,0,0,0
P0055,47,Female,24.5,7.1,279,8.4,3.5,43.6,No,91.9,5.3,117.7,63.9,117.5,0,0,0,0,0,0
P0056,63,Male,22,6.4,148,7.3,4.8,35.4,No,95,5.5,101.7,54.3,136.4,0,1,0,0,1,0
P0057,67,Female,27.7,6.1,57,9.3,3,23.2,No,101.4,5.6,138.2,56.4,140.6,1,1,0,0,2,1
P0058,37,Female,26.1,5.5,382,7.1,3.9,33.3,No,88.4,5.3,127.2,55.5,114.4,0,0,0,0,0,0
P0059,30,Male,25,7.7,158,7.2,5.3,65.9,Yes,84.7,5.2,94.5,55.4,109,0,0,0,0,0,0
P0060,38,Female,27.3,7.4,68,10,1.7,36.4,No,97.1,5.9,157,54,121.2,1,0,1,0,2,1
P0061,42,Male,21.2,8,104,7.3,5.1,67.9,Yes,88.8,5.3,84.6,55.5,114.2,0,0,0,0,0,0
P0062,62,Female,18,6.8,207,8.4,5.2,37.7,No,83.7,4.8,73.7,56.6,119.5,0,0,0,0,0,0
P0063,42,Female,25.1,6.6,0,7.6,2.5,45.2,No,80.8,4.8,99.9,52.6,116.2,0,0,0,0,0,0
P0064,72,Male,27.7,6,82,8.1,2.7,46,No,110.6,5.7,172.8,44.9,127.4,1,0,1,0,2,1
P0065,31,Female,27.1,6.8,0,9,2.6,32.9,No,91.5,5.4,159.1,50.1,102.8,0,0,1,0,1,0
P0066,24,Female,21.1,,321,7.6,4.3,63.2,No,80.9,4.9,68.9,68.3,107.1,0,0,0,0,0,0
P0067,46,Female,24.4,6.5,0,10.4,3.4,41.1,No,109,6.2,216.5,50.3,126.7,1,0,1,0,2,1
P0068,30,Female,19.7,8.5,173,5.7,3.9,63.6,No,78.7,4.9,67.3,63.7,111.1,0,0,0,0,0,0
P0069,59,Male,24.9,5.9,62,10.8,1.8,25.5,Yes,106.6,5.4,165.1,43.9,123.7,1,0,1,0,2,1
P0070,51,Male,26,6.3,115,7.2,1.3,17.5,No,94.1,5.2,69.4,56.7,117.5,0,0,0,0,0,0
P0071,37,Male,27,7.4,425,6.6,5.3,56.9,No,92,5.4,68.9,47.3,115.9,0,0,0,0,0,0
P0072,48,Female,24,7.3,73,8.9,1.5,69.6,No,96.9,5.4,117.2,50.5,129.3,0,0,0,0,0,0
P0073,65,Female,20.8,7.8,156,8.4,2.1,76.5,No,88.2,4.8,96.2,60.2,117.8,0,0,0,0,0,0
P0074,51,Male,28.1,6.5,173,9.6,1.2,60.8,No,95.7,5.6,123,48.6,125.1,0,0,0,0,0,0
P0075,54,Male,24,7.2,113,7.6,3.3,35,No,98.4,5.4,131.2,56.5,121,0,0,0,0,0,0
P0076,55,Male,23.8,7.1,0,8.6,1.9,32.3,No,100.5,5.5,242.3,45.3,120.5,1,0,1,0,2,1
P0077,37,Male,19.2,7.3,403,6,5.5,,No,66.6,4.6,50.6,65.5,103.7,0,0,0,0,0,0
P0078,27,Male,20.5,7.9,700,6.1,4.9,,No,82.4,4.8,57.7,63.9,104.6,0,0,0,0,0,0
P0079,45,Female,23.6,6.5,172,8.6,3.6,55.7,No,91,5.5,116.8,51.9,117.5,0,0,0,0,0,0
P0080,43,Male,26,6.6,162,6.7,4.3,,No,88.8,5.1,78,53.9,118.6,0,0,0,0,0,0
P0081,38,Male,26.4,5.4,,7.5,2,39.1,Yes,91.3,5.3,99.5,46.2,111.4,0,0,0,0,0,0
P0082,48,Female,19.9,6.6,0,8.5,4,29.7,No,90.7,5,69.4,68.2,107.1,0,0,0,0,0,0
P0083,22,Female,27.9,7.2,0,6.9,4.2,34.3,No,90.4,5.1,179.7,53,105.9,0,0,1,0,1,0
P0084,44,Male,30.9,6.8,166,8.7,3,54.5,No,87.1,5.5,188.5,46.7,125.9,0,0,1,0,1,0
P0085,44,Male,24.8,6.8,319,5.4,4.9,50.8,Yes,84,5,119.1,49.1,117,0,0,0,0,0,0
P0086,26,Male,21.6,7.7,134,5.9,5.8,56.7,No,83.9,4.9,101.3,66.2,94.8,0,0,0,0,0,0
P0087,72,Female,27.8,6.4,112,8.5,2.7,44.4,Yes,92.6,5.2,138.6,55.2,133.5,0,1,0,0,1,0
P0088,41,Female,31.2,4.6,41,6.9,4.3,54.8,No,88.9,5,128.8,56.3,125,0,0,0,0,0,0
P0089,54,Male,17.5,8.2,171,7.9,3.2,68.2,No,85.5,4.7,116.1,47.6,122.2,0,0,0,0,0,0
P0090,56,Male,19.9,7.6,258,5.3,6.3,,No,83.2,4.6,67.4,63.1,126.1,0,0,0,0,0,0
P0091,51,Female,25.6,6.1,149,8.9,1.9,49.5,No,100.6,5.5,138.2,44,118.8,1,0,0,1,2,1
P0092,20,Male,24,7.1,256,5.6,5.4,71,No,77.9,4.9,63.5,61.2,105.2,0,0,0,0,0,0
P0093,42,Male,26.9,6.7,0,8.5,1.9,9.4,Yes,93.4,5.3,125.4,51.9,115.2,0,0,0,0,0,0
P0094,53,Male,21.8,6.9,186,6.4,2.2,94.5,No,84.8,5,66.1,59.4,121.7,0,0,0,0,0,0
P0095,62,Male,23.9,4.9,87,10.5,1.4,74.2,No,90.7,5.3,106.4,47,119.8,0,0,0,0,0,0
P0096,42,Female,21.8,6,167,7.4,4.8,37.6,No,87.4,5.1,68.3,60.6,109,0,0,0,0,0,0
P0097,37,Female,25.7,7.1,63,8.1,2.5,44.3,No,99,5.4,142.3,53.5,132.4,0,1,0,0,1,0
P0098,38,Male,26.3,6.4,103,8.2,2.8,42.4,No,90.1,5.3,188.9,41.2,120.8,0,0,1,0,1,0
P0099,58,Female,21.8,6.2,89,10,1.5,82,No,91.9,5.2,89,56.1,136.7,0,1,0,0,1,0
P0100,60,Female,23.9,7.9,128,8,2.9,22.7,No,100.6,5.5,100.1,63.4,126.3,1,0,0,0,1,0
P0101,63,Female,22.8,6.2,0,7.9,3.5,41.1,No,87.9,5.1,111.6,58.2,111.1,0,0,0,0,0,0
P0102,44,Male,23.7,6.8,94,9.3,1.2,60.2,Yes,90,4.8,86.4,51.6,113.7,0,0,0,0,0,0
P0103,44,Male,25.4,7.2,43,7.6,4.2,45.3,No,92.5,5.1,100.2,50.1,122.8,0,0,0,0,0,0
P0104,51,Female,21.6,6.5,92,9.4,1.9,46.2,No,92.1,5.1,116.1,54.2,118.1,0,0,0,0,0,0
P0105,65,Male,21.7,6.4,,7.8,1.6,78.3,No,93.1,5.2,70.3,63.7,136.3,0,1,0,0,1,0
P0106,67,Female,30.8,6.1,176,6.5,5.3,60.5,No,107.4,5.5,287.4,47.4,142.6,1,1,1,1,4,1
P0107,32,Female,26.9,6.3,45,8.3,3.8,56.9,No,91.2,5.5,105,51.1,119.7,0,0,0,0,0,0
P0108,49,Male,21.3,7.1,277,8.2,3.5,69.5,No,93.8,4.8,82.5,55.5,116.4,0,0,0,0,0,0
P0109,47,Male,29,6.6,128,10,2.4,25.8,No,105.2,5.6,173.1,38.6,127,1,0,1,1,3,1
P0110,35,Male,26.8,6,155,7.2,3.2,,No,98.9,5.7,112.9,52.4,99.6,1,0,0,0,1,0
P0111,41,Female,26.1,7,0,7.8,3.6,12.1,No,97.5,5.7,90.3,57.9,120.1,1,0,0,0,1,0
P0112,61,Female,30.4,6.2,0,8.6,2,37.4,No,99.3,5.3,176.5,44.5,127.5,0,0,1,1,2,1
P0113,64,Female,20,7.2,112,8.1,2.6,9.7,No,106.7,5.4,119.4,55.9,128.8,1,0,0,0,1,0
P0114,68,Male,25.2,6.3,169,8.1,3.6,50.3,No,99.6,5.2,99.9,50.5,122.2,0,0,0,0,0,0
P0115,63,Female,23.3,7.5,106,9.5,1.6,27.4,No,104.5,5.3,116.9,46.5,120.4,1,0,0,1,2,1
P0116,47,Male,21.4,7.2,,9.2,1.4,65.2,Yes,96.6,5.1,94,44.3,123.5,0,0,0,0,0,0
P0117,44,Female,21.3,,72,9.5,1,61.1,No,97.8,5.2,122.8,53,116.2,0,0,0,0,0,0
P0118,62,Male,22.6,7,502,7.8,2.9,49.4,No,90.7,4.9,95.2,54.2,125.7,0,0,0,0,0,0
P0119,28,Female,18.8,9,700,5.5,4.5,83.4,No,86.6,4.8,61.4,63,100,0,0,0,0,0,0
P0120,43,Male,28.6,6.3,203,8.7,2.7,9.8,No,107.7,5.7,201.7,44.1,117.8,1,0,1,0,2,1
P0121,37,Female,24.1,7.7,313,8.3,3.7,73.8,No,88.3,5,77.9,52.5,114.5,0,0,0,0,0,0
P0122,50,Female,17.9,8.2,156,5.8,5.1,55.7,No,83.1,4.8,75.1,60.9,127.4,0,0,0,0,0,0
P0123,34,Male,23.3,7.8,92,6.3,4.7,49,Yes,84.6,5.1,82.6,55.2,107.7,0,0,0,0,0,0
P0124,43,Female,16,7.1,0,6.5,4.5,55,No,78.7,4.7,72.4,67.2,97.6,0,0,0,0,0,0
P0125,41,Male,23.5,5.6,124,7.4,4.5,61.5,No,90.5,5.3,123.6,53.6,107.2,0,0,0,0,0,0
P0126,30,Female,25.9,6.5,96,7.3,3.4,41.8,No,87.9,4.9,73.6,57,119.2,0,0,0,0,0,0
P0127,27,Female,25.1,7.5,391,7.3,4,26.7,No,81.8,5.1,95.6,52.5,105.4,0,0,0,0,0,0
P0128,47,Female,23.3,8,188,8,2.1,52.2,No,96,5,103.3,49.3,121.5,0,0,0,1,1,0
P0129,47,Female,21.9,7.1,153,9,4.4,65,No,90.8,5.1,76.9,58.9,118.9,0,0,0,0,0,0
P0130,41,Female,18.8,6.8,348,5.3,5.1,37,No,75.3,4.9,71.3,70.6,103.5,0,0,0,0,0,0
P0131,57,Female,25,7.8,0,7.3,3.8,76.5,No,91.5,5,143.8,50.5,132.7,0,1,0,0,1,0
P0132,27,Female,20.3,7.2,700,5.4,5.9,56.6,No,81.5,4.6,36,72.2,95.3,0,0,0,0,0,0
P0133,35,Female,22.8,6.6,448,6.1,4.8,62.1,No,82.6,5,49.9,59.1,116.4,0,0,0,0,0,0
P0134,62,Male,30.3,7.2,,7.1,1.7,73,No,94.3,5.3,70.8,50.5,122.8,0,0,0,0,0,0
P0135,52,Male,23.2,6.4,148,8.4,1.3,45.6,No,89.7,4.8,101.5,52.7,122.1,0,0,0,0,0,0
P0136,47,Male,25.7,6.6,0,8.9,2.6,74.7,No,99.4,5.6,147.7,45.2,129.8,0,0,0,0,0,0
P0137,32,Female,23.8,6.2,0,7.9,1.8,48.6,No,106.2,5.5,180.6,45.6,112.3,1,0,1,1,3,1
P0138,34,Female,22.8,7.6,231,5.8,5.6,29.4,No,78.7,5,92.3,68.2,106.9,0,0,0,0,0,0
P0139,29,Female,22.7,7.1,0,9.3,2.3,54.3,No,92.3,5,148.4,55.6,89.4,0,0,0,0,0,0
P0140,43,Female,24.8,6.3,139,5.2,5.1,63.4,No,83.3,5.3,65.2,65.8,112.1,0,0,0,0,0,0
P0141,48,Female,28.5,7.3,303,8.5,2.2,59.6,No,97.4,5.2,109.3,56.4,115.2,0,0,0,0,0,0
P0142,50,Male,24.9,8.3,0,9.5,3.8,54.2,No,109.9,5.9,217.2,38.3,137.9,1,1,1,1,4,1
P0143,51,Male,20.8,8,114,5.8,4.8,76,No,90.8,5.1,103.7,53.5,113.8,0,0,0,0,0,0
P0144,27,Male,23.9,6.9,0,7.4,3.2,29.1,No,91.8,5.2,184.8,47.4,131.7,0,1,1,0,2,1
P0145,30,Male,25.6,7.7,167,7.5,5.2,61.8,No,82.2,4.9,130.1,51.6,109.5,0,0,0,0,0,0
P0146,37,Female,26,6,225,8.9,2.1,48.7,Yes,96.1,5.2,165.6,55.5,118.2,0,0,1,0,1,0
P0147,50,Female,23,6.2,126,8.3,2.6,25.8,No,105.8,5.2,117.2,63.3,115.8,1,0,0,0,1,0
P0148,67,Female,26.6,5.6,223,7.9,2.6,74.5,No,88.2,5.1,88.4,58.1,122.4,0,0,0,0,0,0
P0149,72,Male,23.2,6.3,87,9.9,2,21.7,Yes,99.2,5,100.6,57.4,119.1,0,0,0,0,0,0
P0150,54,Male,31.9,6.1,104,9.6,1.8,63,No,106.9,5.8,186.4,39.3,124.1,1,0,1,1,3,1
P0151,55,Female,21.6,6.6,128,7.7,2.9,53.9,No,98.9,5.5,134,61.9,118.9,0,0,0,0,0,0
P0152,53,Female,23.7,7.6,49,7.2,3,40.3,No,94.5,5.5,88.3,54.3,128.7,0,0,0,0,0,0
P0153,53,Female,23.7,7.5,201,5.9,6,81.6,No,85.9,5.1,75.7,61.3,115.3,0,0,0,0,0,0
P0154,53,Female,23.6,6.4,101,7.6,4.6,36.7,No,94.3,5.1,90.3,56.4,131.9,0,1,0,0,1,0
P0155,64,Male,27.8,6.9,180,8.6,2.9,75.7,No,90.5,5.3,77.2,47.4,123.5,0,0,0,0,0,0
P0156,31,Male,20.7,8,213,7.6,4.1,67.3,No,86.3,5,71.9,56.1,105.1,0,0,0,0,0,0
P0157,57,Male,25.9,7.4,0,8.9,2.9,74.2,No,110.5,5.8,150.6,50,131.8,1,1,1,0,3,1
P0158,52,Female,27,7.4,383,9.1,1.9,36.1,No,95.4,5.2,84.8,53.1,124,0,0,0,0,0,0
P0159,61,Female,21.5,6.2,222,9.6,2.2,65.2,No,96.9,5,100.6,50.4,127.9,0,0,0,0,0,0
P0160,45,Male,20.9,7.3,700,6.1,5,39.8,No,87.4,5,101.3,58.9,113.3,0,0,0,0,0,0
P0161,38,Female,19.9,,0,6.9,5.5,49.8,No,92,4.9,87,66,104.7,0,0,0,0,0,0
P0162,58,Female,26.8,6.7,115,10.7,2,69.2,No,101.8,5.4,156.9,49.2,131.8,1,1,1,1,4,1
P0163,28,Male,23.6,7,147,6.8,3.2,42.2,No,88.3,4.7,136.6,47.2,112.5,0,0,0,0,0,0
P0164,41,Male,22.8,6.5,314,6.1,5.8,48.5,No,77.3,5.1,89.9,65.2,108.2,0,0,0,0,0,0
P0165,31,Female,22.1,7,94,7.7,2.6,63.3,No,95.4,5.2,111.9,56.9,103.9,0,0,0,0,0,0
P0166,22,Male,25,6.3,0,9.7,2.4,51.7,No,92.8,5.2,162.8,45.1,100.7,0,0,1,0,1,0
P0167,60,Male,22.9,5.5,311,6.4,5.4,57.8,No,79.9,4.5,76.2,55.8,127.1,0,0,0,0,0,0
P0168,62,Female,24.6,5.4,90,8.4,1.2,28,Yes,99.9,5.4,115.1,51.7,123.3,0,0,0,0,0,0
P0169,48,Male,27.8,,0,6.9,3.9,65.8,No,92,5.5,113.3,52.8,109.6,0,0,0,0,0,0
P0170,45,Female,24.6,6.2,106,9.3,1.1,53.3,No,109.3,5.7,195.3,52,134.1,1,1,1,0,3,1
P0171,53,Female,23.3,6.1,210,7.9,2.6,45.7,No,89.8,5.2,150.8,60.2,119.1,0,0,1,0,1,0
P0172,51,Female,22.8,6.9,0,9,1.3,18.3,No,95.9,5.5,126,50,114.4,0,0,0,0,0,0
P0173,52,Female,27.4,6.5,175,7,3.3,73.8,No,105.6,5.5,90.3,57.3,109.4,1,0,0,0,1,0
P0174,40,Male,23.6,6.3,123,9.2,2,79.3,No,96.3,5.3,121.8,45.2,121.5,0,0,0,0,0,0
P0175,40,Female,24.5,6.4,169,7.4,4.3,55.4,No,82.9,4.8,137.4,67.1,116,0,0,0,0,0,0
P0176,44,Male,23.1,6.5,54,6.7,4.9,68.2,No,84.1,5,101.5,56.4,115.2,0,0,0,0,0,0
P0177,44,Female,23.6,6.3,,7.1,5,24.8,No,91.7,5.2,129.3,67.4,111.1,0,0,0,0,0,0
P0178,49,Female,22,6.7,336,8.1,3.4,50,No,94.3,5.2,124.4,55.4,125.4,0,0,0,0,0,0
P0179,45,Male,25.9,8.1,347,8,4.6,69.2,No,93.7,5.2,118.2,53.8,121.6,0,0,0,0,0,0
P0180,29,Female,20.6,6.6,131,7.5,3.4,62.7,No,92.6,5.3,101.8,62.2,105.8,0,0,0,0,0,0
P0181,32,Female,21.8,6.6,0,7.2,3.6,73.8,No,96.5,5.4,137.3,56.2,101.3,0,0,0,0,0,0
P0182,63,Female,22.7,7.1,220,7.7,4,78.8,Yes,98.5,5.1,113.5,61.9,127.3,0,0,0,0,0,0
P0183,36,Male,24.5,6.5,0,7.3,2.6,,No,89.5,5.3,91.8,49.5,100.8,0,0,0,0,0,0
P0184,63,Male,20,6.9,0,6.6,4.1,61.2,No,74.4,4.6,74,60.9,127.3,0,0,0,0,0,0
P0185,55,Female,28.3,7.6,85,7.8,3.7,72.3,No,98.1,5.4,151.1,58.2,122.2,0,0,1,0,1,0
P0186,33,Male,27.1,7.4,114,8.3,3,67.7,Yes,91.7,5.3,126.8,53.3,103.8,0,0,0,0,0,0
P0187,45,Female,22.9,7.4,142,8.1,3.9,53.9,No,90.2,4.9,98.3,58.7,120.4,0,0,0,0,0,0
P0188,33,Female,24.5,8,0,6.3,5.9,73.2,No,90.2,4.9,143.9,63.1,109.2,0,0,0,0,0,0
P0189,53,Male,20.8,,250,8.7,2.3,36.6,No,95.2,5,111.8,60,117.1,0,0,0,0,0,0
P0190,48,Male,25,6.9,122,10.1,1.4,18.9,No,91.2,5.1,167.1,48,111.3,0,0,1,0,1,0
P0191,46,Female,27.5,7.1,249,6.1,5.6,62.9,No,88.7,5.5,83.1,61.4,119.1,0,0,0,0,0,0
P0192,43,Male,20.4,6.9,181,5.8,5.2,,No,89.9,5.1,122.7,56.5,129.9,0,0,0,0,0,0
P0193,28,Male,21.1,8.8,244,5.1,5.5,86.6,No,74.6,4.6,51,60.3,97.9,0,0,0,0,0,0
P0194,20,Female,19.1,7.5,149,5.9,5.1,34.1,No,82.5,4.6,83,56.1,110.7,0,0,0,0,0,0
P0195,47,Female,25,6,144,7.2,3.6,24.3,No,92.7,5.2,97.1,53.7,125.4,0,0,0,0,0,0
P0196,59,Female,24.1,7.2,291,7.3,4.3,81.1,No,89.7,5.2,96.5,59.8,120.3,0,0,0,0,0,0
P0197,46,Female,23.8,8.5,122,9.3,3.1,29.7,No,103.8,5.6,82.4,45.5,120.4,1,0,0,1,2,1
P0198,64,Male,27.4,5.6,,10.2,0.9,43.9,No,92.2,5.4,112.9,55.7,133.2,0,1,0,0,1,0
P0199,46,Male,22.8,7,158,6.9,4.3,46.7,Yes,101.2,5.5,148.4,45.4,122.8,1,0,0,0,1,0
P0200,50,Female,22.8,6.3,0,6.6,4.8,47.1,No,89.6,5.1,120.6,50.1,119.5,0,0,0,0,0,0
P0201,38,Male,23.9,5.1,,7.8,1.9,24.3,No,97,5,158.4,45.3,107.5,0,0,1,0,1,0
P0202,51,Female,24,5.9,257,8.1,3.7,82.6,No,97.6,5.3,92.7,65.2,126.2,0,0,0,0,0,0
P0203,43,Female,18.5,7.3,217,7.2,5,21.6,No,81.1,4.6,72.6,71.5,116.9,0,0,0,0,0,0
P0204,27,Female,24.7,6.3,85,7.3,4,23.1,No,90.4,5.4,153.7,60.4,105.2,0,0,1,0,1,0
P0205,51,Female,22.9,6.9,,5.9,5.6,23.6,No,90.6,5.2,96.8,57.9,126.5,0,0,0,0,0,0
P0206,54,Female,22.7,7.2,0,9.9,1.8,72.7,No,91.1,5,106.7,55.2,107,0,0,0,0,0,0
P0207,37,Female,19.5,7.9,150,5.5,5.6,34.5,No,78.2,4.8,67.2,65.5,112.7,0,0,0,0,0,0
P0208,69,Female,23,6.8,244,9.3,1.7,52.3,No,95.7,5.1,99.5,58.2,140.4,0,1,0,0,1,0
P0209,49,Male,24.4,6.9,190,8.9,2.1,51.1,No,90.3,5.1,148.2,51.7,127.5,0,0,0,0,0,0
P0210,58,Female,20,6.5,93,7.9,2.3,78.6,No,88.4,5,82.8,65.1,120.5,0,0,0,0,0,0
P0211,28,Female,21,,117,6.6,3.9,67.7,No,84.4,5.1,128.6,57.2,101.5,0,0,0,0,0,0
P0212,29,Female,20.2,8,183,6.1,5.1,88.1,No,84.9,5.1,69.1,53.3,99.7,0,0,0,0,0,0
P0213,30,Male,27.1,7,128,6.3,5.6,21.2,No,79.8,5.1,60.4,53.1,106.7,0,0,0,0,0,0
P0214,36,Male,23.6,7.3,91,10.1,1.7,56.2,No,101.6,5.4,109.7,41.6,115,1,0,0,0,1,0
P0215,67,Male,26,5.8,184,8.1,2,,No,91.4,5,122.4,52.6,128,0,0,0,0,0,0
P0216,45,Female,22.2,7.3,91,8,3.1,90.9,Yes,91.3,5.4,83.7,57.1,120.8,0,0,0,0,0,0
P0217,63,Male,23.4,5.9,56,7.4,3.8,55.4,No,84.4,5,117.5,49.8,118.7,0,0,0,0,0,0
P0218,32,Male,26.2,7.4,241,6.7,4.6,41.2,No,97.1,5.5,126.7,47,120.3,0,0,0,0,0,0
P0219,44,Male,24.6,6.5,110,6.7,5.2,85,Yes,98.9,5.3,86.7,60.8,120.7,0,0,0,0,0,0
P0220,48,Female,21.1,8.5,451,5.9,4.9,89.4,No,80,4.7,76.5,63.1,111.7,0,0,0,0,0,0
P0221,33,Female,20.8,7.5,243,7.7,3.3,68.9,No,86.2,5.2,163.6,54.4,116.5,0,0,1,0,1,0
P0222,42,Female,28.5,6.4,93,10.1,1.3,42.6,No,99.9,5.5,138.4,54.6,130.5,0,1,0,0,1,0
P0223,69,Male,27.6,6.7,111,9.6,1.8,39.2,No,94.8,5.4,113.2,42.9,134.5,0,1,0,0,1,0
P0224,49,Female,25.2,5.5,106,7.7,4.3,16.4,No,87.7,5.3,95.2,69.1,114.9,0,0,0,0,0,0
P0225,63,Male,23,7,40,8.1,2.5,67.6,No,95,5.2,77.7,58.3,113,0,0,0,0,0,0
P0226,28,Male,22.7,6.9,0,5.2,5.3,48.3,No,87.9,4.8,123.4,52,100.2,0,0,0,0,0,0
P0227,64,Female,26.9,5.8,39,8,1.6,77.8,No,106.2,5.8,122.9,44.4,128.5,1,0,0,1,2,1
P0228,49,Female,22.1,5.8,338,8.1,2.3,19.3,Yes,88.1,5.4,118.3,56.9,125.9,0,0,0,0,0,0
P0229,52,Male,27.5,7,0,9,2.4,47.8,No,95.4,5.3,218.5,51.3,131.9,0,1,1,0,2,1
P0230,34,Male,21.7,6.7,310,4.9,5.6,52.7,No,79,4.5,55.7,58.6,103.8,0,0,0,0,0,0
P0231,51,Male,23.9,7,0,7.9,2.9,77.1,No,87.4,5.1,144,49.3,105.2,0,0,0,0,0,0
P0232,45,Male,22.4,6.7,280,6.4,4,48.9,No,79.5,4.9,89.6,64.9,110.6,0,0,0,0,0,0
P0233,47,Male,23.8,6.9,700,6.9,4.3,73.3,No,86.5,5.3,68.2,61.9,105.5,0,0,0,0,0,0
P0234,69,Female,26.2,7.1,0,9.3,1.9,59.4,Yes,104,5.7,123.5,50.4,130.6,1,1,0,0,2,1
P0235,58,Male,26.3,6.2,0,7.6,4.4,18.8,No,90.3,5.3,133,45.1,124,0,0,0,0,0,0
P0236,60,Female,27.8,6.8,129,9.4,1.3,72.8,No,106.1,5.8,126.7,49,122.2,1,0,0,1,2,1
P0237,66,Male,29.5,6.4,0,7.2,2.9,16,Yes,112.4,6,113.4,42.4,154.1,1,1,0,0,2,1
P0238,53,Male,20,,,7.7,5.4,,No,94.7,5.1,81,57,119.3,0,0,0,0,0,0
P0239,65,Male,21.9,7.1,463,7,3.7,43.8,Yes,97.9,5,93.9,62.4,131.2,0,1,0,0,1,0
P0240,32,Male,23.9,6.9,222,6.3,5.9,66.8,Yes,96.8,4.9,68.3,56.7,112.8,0,0,0,0,0,0
P0241,49,Female,25.2,6.9,55,7.8,4.2,71.2,Yes,100.1,5.5,155,64.4,123,1,0,1,0,2,1
P0242,49,Male,26.6,7.5,85,6.4,3.5,49.6,No,103.1,5.3,133,49.2,111,1,0,0,0,1,0
P0243,41,Male,23.2,6.6,192,9.4,3.3,60,No,83.2,5,72.7,53.7,109.7,0,0,0,0,0,0
P0244,54,Male,22.9,7.9,177,7.9,3.4,38.6,No,90.8,5.1,112,54.2,114.6,0,0,0,0,0,0
P0245,39,Female,21.4,8.6,66,6.8,4.4,60.4,No,86.6,5,73.4,58.2,104.5,0,0,0,0,0,0
P0246,30,Female,22.8,7,62,7.9,3.5,39.1,No,90.3,5.2,123.5,57.9,107.9,0,0,0,0,0,0
P0247,56,Female,21.8,8,326,9.1,1.5,39.3,No,99,5.1,132.1,57.1,132.2,0,1,0,0,1,0
P0248,60,Male,28,5.5,0,9.3,1.9,36.2,No,106.7,5.6,200.4,44,134.4,1,1,1,0,3,1
P0249,50,Female,19.3,7.1,207,7.3,4.5,73.6,No,87.8,5,93,56.4,123.6,0,0,0,0,0,0
P0250,42,Female,26.7,6.2,0,8.4,2.9,39.7,No,89,5.3,219.1,51,113.8,0,0,1,0,1,0
P0251,32,Male,25.9,,185,7.9,3.3,38.4,No,83.9,4.7,120.7,50.3,115.6,0,0,0,0,0,0
P0252,45,Female,25.2,6.9,0,5.8,5.7,53.9,Yes,90.7,5.6,106.2,63,121.3,0,0,0,0,0,0
P0253,66,Male,24.3,5.9,197,7.7,3.6,42.4,No,93.8,5.1,78.5,55,136.5,0,1,0,0,1,0
P0254,61,Female,17.2,7.4,186,8.1,1.7,17.6,Yes,101.9,5.3,79,59.5,125.3,1,0,0,0,1,0
P0255,63,Female,21.4,7.3,455,5.5,5.5,79.7,No,86.2,4.9,60.5,68.4,121.9,0,0,0,0,0,0
P0256,62,Female,27.3,6.7,118,9.4,3.1,40.4,No,114.9,5.7,181.3,49.5,144.2,1,1,1,1,4,1
P0257,24,Male,25.3,7.5,120,8.2,3.9,26.8,No,100.3,5.3,135.6,41.2,116.5,1,0,0,0,1,0
P0258,54,Female,24.8,6.6,163,8.8,2.6,25.8,No,94.4,5.3,101.6,66.3,128.1,0,0,0,0,0,0
P0259,53,Female,28.4,6.8,173,9.3,2.7,45,No,99.9,5.5,136.9,54.2,131.1,0,1,0,0,1,0
P0260,44,Male,28.7,8.2,0,8.9,2.8,78.6,Yes,94.5,5.2,132.7,50.4,126.6,0,0,0,0,0,0
P0261,65,Female,24,4.8,0,7.6,3.6,49.4,No,90.7,5.2,95.8,61.8,127.9,0,0,0,0,0,0
P0262,58,Female,26.1,6,256,8.7,4.9,65,No,99.4,5.2,79.5,57.4,136.6,0,1,0,0,1,0
P0263,49,Male,23.4,7.4,0,8.2,2.8,34,No,98,5.3,153.4,50.4,126.7,0,0,1,0,1,0
P0264,62,Male,25.2,6.6,164,8.5,3.8,56.5,Yes,103.2,5.4,125.2,45.3,123.3,1,0,0,0,1,0
P0265,61,Female,25.7,6.5,71,6.8,3.2,41.1,No,98,5.2,106.9,53.3,126.5,0,0,0,0,0,0
P0266,72,Male,28.4,5.1,0,8,3.4,39.4,No,104.5,5.5,174.2,45.1,137.6,1,1,1,0,3,1
P0267,69,Male,24.4,6.1,129,8.3,2.2,52.4,No,96.6,5.3,166.4,53.8,117.7,0,0,1,0,1,0
P0268,39,Male,23.6,7.7,124,8.3,3,59.4,No,91.7,5.1,90.6,47.4,123.5,0,0,0,0,0,0
P0269,53,Female,23.3,7.2,174,6.3,2.6,32.3,No,91.3,5.1,96,51.6,119.1,0,0,0,0,0,0
P0270,43,Female,22.8,6.4,45,8.2,2.6,66.3,Yes,101.9,5.3,121.4,56,97.7,1,0,0,0,1,0
P0271,34,Female,26.5,6.7,307,6.9,3.9,90.6,No,87.2,5.4,126.2,60.9,111.7,0,0,0,0,0,0
P0272,29,Male,22.8,7.3,137,7.8,2,60.4,No,83.5,4.9,93,50.6,109.2,0,0,0,0,0,0
P0273,51,Female,23.1,7.2,110,7.5,5.1,38.5,No,84.2,5,116.7,52.6,140.8,0,1,0,0,1,0
P0274,47,Female,23.2,7.6,457,6.7,4.3,53.4,No,88.9,5.2,73.4,61.3,120.4,0,0,0,0,0,0
P0275,49,Male,23,6.9,167,7.6,2.8,81,No,82.6,4.9,92.8,59,108.5,0,0,0,0,0,0
P0276,45,Male,21,7.1,169,10.3,2.8,55.8,No,96.9,5.4,111,53.3,114.5,0,0,0,0,0,0
P0277,43,Male,29.9,7.5,341,10.7,2.1,32.7,No,112.5,5.8,213.7,38,133.9,1,1,1,1,4,1
P0278,60,Female,27.4,,0,10,1.5,30.4,No,106.4,5.5,220.7,46.1,135.7,1,1,1,1,4,1
P0279,43,Male,22.5,6.4,74,8.7,1.4,14.9,No,88.6,5,97.9,53.3,106.5,0,0,0,0,0,0
P0280,64,Male,23.9,5,,9,3.2,33.2,No,99,5.3,121.1,60.7,124.6,0,0,0,0,0,0
P0281,34,Female,22.8,,291,6.8,4.2,62.1,No,82.5,5.2,75.6,60.7,109.6,0,0,0,0,0,0
P0282,41,Male,23.4,7.5,183,6,4.8,82.8,Yes,86.6,4.8,87,50.3,108.8,0,0,0,0,0,0
P0283,64,Male,26,,207,9,3.5,30.6,No,108.9,5.7,134.1,52.8,136.3,1,1,0,0,2,1
P0284,57,Male,24.6,7.2,,5.3,5.5,83.6,Yes,90.6,5.5,89.1,55.1,123.6,0,0,0,0,0,0
P0285,70,Female,20.6,6.8,87,8.8,3.4,74.8,No,112.2,5.4,100.6,57,134.2,1,1,0,0,2,1
P0286,32,Female,22.8,7.4,62,7.1,4.1,38,No,86.1,5.1,103.2,52.6,100,0,0,0,0,0,0
P0287,54,Female,23.8,6.6,345,7.4,2.8,29.3,No,103,5.5,119.4,65.2,114.5,1,0,0,0,1,0
P0288,42,Male,23.3,6.2,61,7.5,2.8,47.4,Yes,101.6,5.7,155,42.5,121.7,1,0,1,0,2,1
P0289,53,Female,23,6.8,196,9.7,2.5,79.3,No,90.4,5.2,108.5,69,113.2,0,0,0,0,0,0
P0290,60,Male,28,5.2,70,8.5,3.5,62.5,Yes,102.4,5.6,143.7,49,133,1,1,0,0,2,1
P0291,58,Female,23.8,8.3,0,5.7,5.5,54.6,Yes,79.1,4.8,102.1,66.4,117.1,0,0,0,0,0,0
P0292,46,Female,24.5,6.8,72,8.8,2.9,34.9,No,100.8,5.3,134.6,61.4,115.8,1,0,0,0,1,0
P0293,55,Male,21.3,8.3,100,7.9,3,38.7,No,92.5,5.1,99.5,56.5,124.8,0,0,0,0,0,0
P0294,48,Female,25.6,7.2,62,5.9,4.8,28.8,No,87.8,5.1,123.7,67.8,116.8,0,0,0,0,0,0
P0295,57,Male,25.8,5.2,188,6.9,3.5,75.8,No,91.8,5.4,107.4,56.2,116.2,0,0,0,0,0,0
P0296,52,Female,23,6.3,343,6.3,5,18.9,Yes,81.8,5,53.1,62.6,112.7,0,0,0,0,0,0
P0297,26,Female,19.8,7.3,419,5.9,5.3,25.7,No,69.9,4.6,54.6,70.2,100.2,0,0,0,0,0,0
P0298,47,Female,23.6,5.3,149,8.1,4.2,25.3,No,90.2,5.3,88.5,61.3,104.9,0,0,0,0,0,0
P0299,44,Female,24.1,6.6,353,7.6,4.5,22,No,95.4,5.4,128.1,57.7,132.3,0,1,0,0,1,0
P0300,46,Male,19,7,165,8.4,2,60.9,Yes,88.6,4.9,118.1,53.5,105.5,0,0,0,0,0,0
P0301,44,Male,23.5,6,366,8.7,4.5,61.4,No,85.6,5.1,91.9,61.3,127.5,0,0,0,0,0,0
P0302,34,Female,21.2,6.6,260,6.7,3.6,65.6,No,87.3,5.1,70.6,63.3,105.3,0,0,0,0,0,0
P0303,40,Male,22.9,7.1,147,8.4,2.5,77.5,No,83.9,4.9,143,50.4,116.8,0,0,0,0,0,0
P0304,68,Male,23.3,6.6,,7.8,2.9,63,Yes,87.2,4.5,93,40.2,126.9,0,0,0,0,0,0
P0305,36,Male,24.6,6.4,47,8.5,4.5,20.1,No,91.1,5.2,117.9,55.2,104.1,0,0,0,0,0,0
P0306,55,Male,22.3,7.3,93,9.3,2.5,25.7,No,98.1,5.4,101.4,53.6,119.8,0,0,0,0,0,0
P0307,41,Male,27.5,6.6,164,9.6,3,84.4,No,103.2,5.6,141.8,37.8,127.5,1,0,0,1,2,1
P0308,54,Male,21.6,8.2,360,6.6,5.1,69.3,Yes,96.2,5.1,67.8,61,128.4,0,0,0,0,0,0
P0309,61,Male,28.4,6.8,162,10.2,2.2,57.6,No,92.6,5.4,111.6,43.4,123.8,0,0,0,0,0,0
P0310,56,Female,23.3,8,,7.9,1.5,,No,90,5.1,91.8,61.2,118.3,0,0,0,0,0,0
P0311,59,Male,22.2,6,58,9.4,1.7,15.5,No,88.5,5.3,146.3,52.5,127.8,0,0,0,0,0,0
P0312,50,Female,23,5.8,,9.3,2,45.2,No,88.7,4.9,88.3,62.6,122.2,0,0,0,0,0,0
P0313,52,Male,21.2,6.9,700,7.4,4.7,82.5,No,85.8,5.3,42.1,65.8,119.8,0,0,0,0,0,0
P0314,63,Male,18.2,7.6,0,7.1,3,66.4,No,86.3,4.8,94.8,65.1,130.9,0,1,0,0,1,0
P0315,38,Female,26.1,6.1,0,10.3,2.1,16.2,No,92.2,5.3,104.6,57.6,126.6,0,0,0,0,0,0
P0316,38,Female,25.4,6.3,157,8.9,1.8,53.9,Yes,96.4,5.5,123.7,64.6,107.6,0,0,0,0,0,0
P0317,52,Male,21.4,5.8,254,10.2,1.3,26.1,No,92.5,5.3,78.5,50.1,112.9,0,0,0,0,0,0
P0318,69,Female,26.6,5.4,147,10.2,3.2,34.3,Yes,106.2,5.7,170,53.8,130.1,1,1,1,0,3,1
P0319,61,Female,24.6,6.1,284,7.4,4.2,52.8,No,93.1,5.5,69.8,62.7,124.7,0,0,0,0,0,0
P0320,39,Female,21.6,6.8,369,7.2,2.1,73.7,Yes,84.3,5.1,98.4,50.6,104.9,0,0,0,0,0,0
P0321,51,Male,25.7,8.7,159,5.2,6.1,77,Yes,88.5,4.9,109.1,51.2,114,0,0,0,0,0,0
P0322,35,Male,21,6.6,242,7.4,3.6,53.8,Yes,80.3,4.8,77,56.9,111.8,0,0,0,0,0,0
P0323,56,Male,24.3,6.3,222,9.6,1.6,23.6,Yes,104.4,5.5,109.1,55.1,124.1,1,0,0,0,1,0
P0324,51,Male,22.5,7.4,168,7.1,4.2,86.9,No,96,5.4,94.9,59.1,112.7,0,0,0,0,0,0
P0325,67,Female,24.5,8.3,51,7.6,2.9,71.6,Yes,99.4,5.4,103.8,62.2,131.3,0,1,0,0,1,0
P0326,32,Male,27.2,7.1,0,5.9,4.1,63.9,No,84,5.1,94.4,52.9,117.4,0,0,0,0,0,0
P0327,48,Male,20.4,6.8,199,5.5,5.7,50.2,No,83.5,4.8,111.5,51.2,115.7,0,0,0,0,0,0
P0328,48,Male,24.2,6.9,115,7.1,5.3,31.7,No,88.4,5.1,97.8,57.5,112.7,0,0,0,0,0,0
P0329,69,Female,24,5.9,0,8.9,2.9,24.5,No,102.3,5.5,130.6,56,122,1,0,0,0,1,0
P0330,40,Female,18,7.4,338,6.9,3.6,64.4,No,81.6,4.8,67.7,66.3,116.4,0,0,0,0,0,0
P0331,68,Male,23.7,4.6,65,9.8,2.6,25.2,No,105.1,5.4,144.7,45.9,136.9,1,1,0,0,2,1
P0332,41,Female,21.8,6.5,215,10.1,2,48.6,Yes,93.9,5.1,104,58.5,103,0,0,0,0,0,0
P0333,65,Female,30.5,5.7,0,9.7,1.9,62,No,113.4,5.9,192.9,51.1,126.7,1,0,1,0,2,1
P0334,55,Male,24.9,5.8,0,9.6,1.7,62.6,Yes,105.4,5.6,173.7,36.8,128.5,1,0,1,1,3,1
P0335,49,Male,25.7,6.7,115,9.1,1.5,39.6,No,107.4,5.7,116.5,50.1,132.9,1,1,0,0,2,1
P0336,47,Female,25.1,6.7,305,7.8,2.2,57.5,No,101.5,5.4,119.9,61.4,121.5,1,0,0,0,1,0
P0337,45,Female,23.4,6.2,140,8.8,3.7,45.7,No,98.6,5.1,99.4,58.9,122.4,0,0,0,0,0,0
P0338,49,Male,26.4,4.8,80,8.1,4.9,62.7,No,104.6,5.7,111.9,52.1,114.6,1,0,0,0,1,0
P0339,55,Female,22.1,7,,9.3,1.2,85.6,No,100.1,5.4,98,52.9,113.4,1,0,0,0,1,0
P0340,44,Female,23.5,7.7,103,8.3,4.4,39.8,No,88.8,5,75.5,58.8,112.7,0,0,0,0,0,0
P0341,47,Female,20.6,7.6,120,8.3,1.2,49.2,No,97.3,5,96.6,58.4,115.5,0,0,0,0,0,0
P0342,58,Female,26.2,7.9,0,7.9,3,53,No,99.6,5.3,162.7,55.1,127.3,0,0,1,0,1,0
P0343,52,Female,20.2,,374,9.4,1.7,74,No,93,5.1,119.8,56.4,105.6,0,0,0,0,0,0
P0344,47,Male,27.4,6.8,65,7.8,4.8,43.1,No,96.6,5.4,143.8,48.1,117.8,0,0,0,0,0,0
P0345,53,Male,26,6.7,191,9.1,2.1,52.7,No,111.6,5.5,110.2,50.7,116.2,1,0,0,0,1,0
P0346,58,Male,22.3,7.8,291,8.1,3.5,65.4,No,88.7,5.2,69.1,57.9,116.6,0,0,0,0,0,0
P0347,35,Female,24.6,6.7,238,8.7,3.3,24.9,No,87.7,5.1,101.4,58.6,107.3,0,0,0,0,0,0
P0348,45,Male,22.2,8.2,204,6.7,5.3,66.9,No,86.4,5.1,101.3,62,109.7,0,0,0,0,0,0
P0349,40,Female,26.9,6.5,283,7.5,3.8,42.6,No,79.7,4.9,80.8,56.8,106.5,0,0,0,0,0,0
P0350,39,Female,17.9,6.9,459,6.1,4.3,47.6,No,78.5,4.4,51.8,67.7,106.8,0,0,0,0,0,0
P0351,32,Female,20,8,285,5.3,5.6,55.8,No,73.8,4.6,78.3,69.2,97.2,0,0,0,0,0,0
P0352,37,Female,26.6,7.5,102,7.7,4.1,,No,93.5,5.6,139.8,51.5,106.8,0,0,0,0,0,0
P0353,67,Male,24,5.6,249,8.2,3.3,85.2,No,96.8,5.1,83.9,59.6,119.9,0,0,0,0,0,0
P0354,52,Female,25.3,6,0,8.7,0.9,,No,103.6,5.3,113,53,120.8,1,0,0,0,1,0
P0355,37,Female,27.1,5.9,79,7.6,5,22.8,No,91.2,5.4,154.2,54.6,112.4,0,0,1,0,1,0
P0356,40,Male,27.4,7,0,7,4.5,85.8,No,92.9,5.5,208,45.4,123.4,0,0,1,0,1,0
P0357,54,Female,19.8,7.7,199,7.6,3.3,44.8,Yes,96.5,5.3,76.1,60.7,116,0,0,0,0,0,0
P0358,62,Female,29.7,4.9,23,7.9,4.6,12.8,No,101.1,5.6,140.1,49.2,121.7,1,0,0,1,2,1
P0359,65,Male,25.6,6.5,0,9.8,1.1,39.9,Yes,114.4,5.8,161.5,39.9,130.2,1,1,1,1,4,1
P0360,29,Male,25.1,4.5,171,5.3,5.6,79.8,No,78.9,5,58.6,54.9,102.1,0,0,0,0,0,0
P0361,26,Female,21.2,8.1,232,6.2,5.4,31.1,No,75.2,4.7,91.9,62.7,98.3,0,0,0,0,0,0
P0362,60,Male,30,5.7,40,10.1,1.8,28.3,Yes,101,5.8,185.7,47.2,126.4,1,0,1,0,2,1
P0363,58,Male,26.3,5.2,62,7.4,3.3,6.6,No,97.5,5.3,146.9,47.1,122.9,0,0,0,0,0,0
P0364,22,Male,25.5,7.4,99,7.5,2.4,53.6,No,93.8,5.3,122,50.5,106,0,0,0,0,0,0
P0365,61,Male,25.7,7.2,0,7.5,4.7,68.3,No,90.5,5.2,220.6,51,116.8,0,0,1,0,1,0
P0366,61,Male,29.4,6.7,181,9.4,3.3,53.2,No,107,5.8,148.6,53.5,136.3,1,1,0,0,2,1
P0367,63,Male,24.1,6,57,9.6,2.3,34.4,Yes,90.9,5.2,127.9,49.6,135.8,0,1,0,0,1,0
P0368,65,Male,27.3,6.6,45,10.3,2.7,59.4,Yes,117.2,5.7,141.7,53.5,123.1,1,0,0,0,1,0
P0369,58,Male,23.8,7,108,5.8,5.7,52.2,No,99.4,5.5,109.2,47.7,130.5,0,1,0,0,1,0
P0370,55,Female,25.5,6.7,181,8.3,4.4,69.9,Yes,107.3,5.7,152.3,58.9,135.5,1,1,1,0,3,1
P0371,69,Female,21.5,6.6,91,9.1,1.7,46.3,No,90.1,4.7,68.3,56.9,118.6,0,0,0,0,0,0
P0372,41,Female,24.9,7.2,215,7.1,3.9,63,No,82,5,105.6,61.6,113.5,0,0,0,0,0,0
P0373,71,Female,25.6,5.5,0,8.7,3.9,59,No,98.2,5.3,169.2,57.1,132.9,0,1,1,0,2,1
P0374,59,Female,29.6,5.6,58,9.8,1.9,33.7,No,107.4,5.7,213.5,49.8,139.3,1,1,1,1,4,1
P0375,31,Female,18.9,8.1,421,6.8,2.9,65.2,No,73.7,4.5,57.5,61.7,105,0,0,0,0,0,0
P0376,51,Female,23.1,6.6,143,8.9,3.6,26.5,No,103.9,5.3,134.5,47.3,128.3,1,0,0,1,2,1
P0377,30,Male,22,7.1,540,5.2,4.4,33,No,78.2,4.8,66,64.3,109.8,0,0,0,0,0,0
P0378,67,Female,23.5,6,0,9.1,2.4,24.6,No,99.9,5.4,123.7,64.4,120.3,0,0,0,0,0,0
P0379,51,Female,21.2,7,197,7.9,3.7,44.1,No,83.7,5.1,78.3,57.7,114.8,0,0,0,0,0,0
P0380,43,Male,19.1,6.9,256,9,2.5,48.6,No,85.8,4.6,74.7,56.1,123,0,0,0,0,0,0
P0381,60,Male,26.4,5.5,221,6.2,4.9,76.5,No,92.3,5.5,78,55.9,117.1,0,0,0,0,0,0
P0382,51,Female,18.8,6.9,0,6.4,3.7,55.7,No,86.7,4.9,93.4,61.6,120.6,0,0,0,0,0,0
P0383,55,Male,23.5,5.8,144,8,2.7,,Yes,93.4,5.3,138.8,47.2,130.4,0,1,0,0,1,0
P0384,44,Male,22.4,7.7,264,9.5,3.9,46,No,89.7,5.3,68.4,54.2,106.9,0,0,0,0,0,0
P0385,49,Male,27,4.9,0,9.1,2.2,48,No,95.6,5.3,113.1,46,114.2,0,0,0,0,0,0
P0386,66,Female,22.1,6,141,10.5,1.3,55.1,No,108.6,5.5,96.5,54.2,140.5,1,1,0,0,2,1
P0387,56,Male,24.8,6.6,327,7.2,5,50,Yes,81.9,4.9,73.6,55.6,122.2,0,0,0,0,0,0
P0388,45,Male,22.3,6.1,149,8.9,3.3,61.2,No,96.5,5.2,155.6,45,127.5,0,0,1,0,1,0
P0389,27,Male,25,6.9,164,9,4,47.5,No,85.5,5.4,159.5,52.7,107.3,0,0,1,0,1,0
P0390,49,Female,22.8,6.5,137,7.8,2.9,,No,102.5,5.6,93.4,54.6,123.7,1,0,0,0,1,0
P0391,36,Female,26.3,7.7,0,9.3,2.2,24.4,Yes,101.3,5.6,239,46.9,124.2,1,0,1,1,3,1
P0392,32,Male,22.6,,576,5.5,5.3,79.4,No,78.2,4.8,39,67.5,101.6,0,0,0,0,0,0
P0393,54,Female,27.5,4.8,76,10.7,1.1,9.7,Yes,103.7,5.7,160.9,44.1,125.1,1,0,1,1,3,1
P0394,44,Female,21,6.3,204,5.4,5.4,44,No,73.2,4.7,50.3,72.8,126.8,0,0,0,0,0,0
P0395,60,Female,20.8,6.6,205,9.6,1.1,47.4,No,94.4,5,87.2,45.1,120.4,0,0,0,1,1,0
P0396,49,Male,27,4.9,0,9.8,3.6,47,No,105.5,5.6,171.2,56.3,131.7,1,1,1,0,3,1
P0397,44,Male,23,7.2,184,7.7,2.1,84,Yes,84.1,4.9,115.9,45.6,132.1,0,1,0,0,1,0
P0398,36,Male,18.8,7,118,9.7,1.6,30.9,No,90.3,5.2,97.4,57.9,111.3,0,0,0,0,0,0
P0399,41,Female,17.6,8.3,700,6.5,4.1,75.1,Yes,81.7,5.1,47.7,71.5,101.2,0,0,0,0,0,0
P0400,43,Female,23,7.5,124,7.7,4.6,,No,95.6,5.1,129.6,57.2,126.5,0,0,0,0,0,0
P0401,65,Male,23.1,8.5,365,7.7,3.6,65.5,No,96.2,5.7,89.3,55.1,130.3,1,1,0,0,2,1
P0402,29,Male,18.4,7,207,7.1,5,57.7,No,85.8,5.1,108.5,48.1,101.3,0,0,0,0,0,0
P0403,61,Male,26.6,6.4,115,9.9,1.6,14.7,No,120.5,5.9,302.4,37.1,143,1,1,1,1,4,1
P0404,32,Male,23.7,6.4,224,8.4,4.7,47,No,89.8,4.9,56.5,49.6,108.8,0,0,0,0,0,0
P0405,59,Female,26.5,6.2,111,8.2,4.1,34.3,No,98.4,5.4,84,56,124.2,0,0,0,0,0,0
P0406,54,Female,28.8,6.2,151,9.2,2.3,25.4,No,110.1,5.6,152.7,44.5,127,1,0,1,1,3,1
P0407,34,Male,21.3,6.8,132,5.7,5.2,76,No,79.6,4.7,83.5,68.1,106.7,0,0,0,0,0,0
P0408,66,Male,23.7,6.1,0,7.6,3.7,89.2,No,95.9,5.4,98.2,55.2,130.9,0,1,0,0,1,0
P0409,55,Male,28.5,7.3,88,8.9,2,60.6,Yes,108.7,5.8,130.5,46.6,136.3,1,1,0,0,2,1
P0410,61,Female,26.5,6.1,49,10,2.7,22.5,No,110,5.8,113.7,49.1,127.9,1,0,0,1,2,1
P0411,47,Male,24.6,6.7,106,6.7,4.6,70.4,No,88,5.3,83.2,59.4,114.3,0,0,0,0,0,0
P0412,66,Male,22.9,6.6,74,9.8,2,75.2,No,108.8,5.7,144.4,31.9,139.1,1,1,0,1,3,1
P0413,53,Male,24.3,6.7,0,5.8,4.5,82.1,No,95.7,5.5,92.1,51,124.8,0,0,0,0,0,0
P0414,28,Male,20.9,8.2,223,6.9,5,56.3,No,79.8,5,61.6,58.4,105.1,0,0,0,0,0,0
P0415,38,Female,22.6,7.1,516,6.2,2.6,15.8,No,82.2,5.2,64.9,63.7,109.4,0,0,0,0,0,0
P0416,41,Male,21.9,6.8,233,6.2,4.1,58.3,No,83.9,5,77.5,53.3,107.7,0,0,0,0,0,0
P0417,56,Female,24.5,7.2,667,7.4,3.2,91.2,No,94.5,5.2,71.5,59.4,118.3,0,0,0,0,0,0
P0418,53,Male,28.4,6.9,154,7.9,3.6,79.6,No,93.8,5.5,114.4,51.9,122.9,0,0,0,0,0,0
P0419,42,Female,24.5,5.8,150,8.1,4.7,84.8,No,88.3,4.8,127.3,65.8,118,0,0,0,0,0,0
P0420,66,Male,25.3,7,101,7.4,4.1,53.4,No,100.4,5.5,135.5,56.1,131.5,1,1,0,0,2,1
P0421,73,Male,24.9,4.5,201,7.3,3.5,77.1,No,94.2,5,96.2,46.2,137.7,0,1,0,0,1,0
P0422,53,Male,25.3,7.1,303,7.4,5.3,20.3,No,90.9,5.3,128,45.5,130.6,0,1,0,0,1,0
P0423,54,Female,23.5,7.2,194,5,5.9,72.3,No,81.1,4.8,131.2,54.8,103.6,0,0,0,0,0,0
P0424,37,Female,21.2,5.8,111,8.6,4.4,59.8,Yes,86.6,5.2,125.9,60.3,115.1,0,0,0,0,0,0
P0425,56,Male,22.5,5.9,145,7.7,2.6,,No,87.2,5,74.3,67.5,113.4,0,0,0,0,0,0
P0426,59,Female,25.5,7.3,191,7.5,2.7,76.9,Yes,87.3,5.2,119.3,61.9,124,0,0,0,0,0,0
P0427,41,Female,28.9,7.1,130,6.1,6,42.3,No,97.1,5.5,129.9,51.9,130.1,0,1,0,0,1,0
P0428,58,Male,24.6,6.3,46,9.9,1.7,19.9,No,101.4,5.7,132.5,50.8,132.3,1,1,0,0,2,1
P0429,27,Female,23.1,8.3,196,6,5.4,79.9,No,93.8,5,95,59.1,109.2,0,0,0,0,0,0
P0430,62,Male,25.7,6.7,69,10.2,1.1,11,Yes,100.6,5.5,164.6,41.9,146.4,1,1,1,0,3,1
P0431,36,Male,28.6,5.9,0,8.5,4.8,38.3,No,99.1,5.4,158.6,49.4,128.4,0,0,1,0,1,0
P0432,28,Female,21.8,8.6,221,8.6,2.6,93.8,No,81,4.7,83.4,50.6,99.6,0,0,0,0,0,0
P0433,50,Male,19.6,7.7,673,5.2,4.5,67.3,No,84.1,4.8,47.1,61.9,115.4,0,0,0,0,0,0
P0434,71,Male,24.9,6.7,207,8.7,2.4,20.9,No,103,5.5,96.1,46.1,139.8,1,1,0,0,2,1
P0435,67,Female,16,6.7,237,9.2,1.2,88.3,Yes,100.7,5.2,83.6,60.3,125.2,1,0,0,0,1,0
P0436,51,Female,28.8,4.8,0,10.9,2,43.6,No,96.2,5.5,172.7,46.2,130.4,0,1,1,1,3,1
P0437,57,Female,27.5,5.9,165,5.8,5.2,42.1,No,99,5.5,118.5,52.9,126.6,0,0,0,0,0,0
P0438,51,Male,24.5,6.1,166,5.9,4.7,35.5,Yes,98.4,5.2,174.1,50.8,125,0,0,1,0,1,0
P0439,35,Female,27.8,7,75,9.9,1.7,18.2,No,96.8,5.4,123.3,48.1,107.2,0,0,0,1,1,0
P0440,49,Female,23.7,6.3,284,5.6,6.2,83.8,No,95.8,5.2,91.7,66.9,114.4,0,0,0,0,0,0
P0441,52,Male,18.8,6.7,194,5.4,4.4,61,No,75.8,4.8,54.2,58.1,112.3,0,0,0,0,0,0
P0442,49,Male,18.5,7,77,6.1,5.9,46.4,No,87.8,4.9,97.5,61.7,121.9,0,0,0,0,0,0
P0443,53,Female,25.1,6.8,46,8.5,4,57.2,No,93.1,5.3,128.2,61.3,129.5,0,0,0,0,0,0
P0444,46,Female,22,7,89,9.7,2.7,42.1,No,92.4,5.4,106.5,52.6,121.5,0,0,0,0,0,0
P0445,42,Male,25.6,7.5,81,9,2.9,25.9,No,100.6,5.5,99.6,48.7,101.2,1,0,0,0,1,0
P0446,68,Male,23.5,5.6,107,7.5,3.6,54.3,Yes,99.9,5.4,110.2,42.6,135.9,0,1,0,0,1,0
P0447,53,Male,17.6,7.5,700,9.1,3.4,93.9,Yes,74.8,4.6,39.2,57.8,111,0,0,0,0,0,0
P0448,60,Female,26.1,6.4,210,8.4,3.1,45.6,Yes,89.8,4.9,109.3,70.9,124.8,0,0,0,0,0,0
P0449,41,Female,22.1,6.7,212,6.7,4.1,69,No,91.2,4.8,94.2,71.7,106.5,0,0,0,0,0,0
P0450,50,Female,26,6.4,268,7.3,2.5,,No,91.6,5.3,152.3,45.7,120.8,0,0,1,1,2,1
P0451,43,Female,22.4,6.6,145,8.4,4,65.3,No,96,5.2,137.1,54.3,119.3,0,0,0,0,0,0
P0452,72,Male,24.5,7.9,113,9.6,2.1,62.8,No,106.8,5.6,144,49.3,132.3,1,1,0,0,2,1
P0453,35,Female,24.4,7.8,0,5.1,4.1,69.2,Yes,92.7,5.3,115.3,63.1,103.6,0,0,0,0,0,0
P0454,68,Male,26.6,6.9,199,8.1,3.7,29,No,95.8,5.2,169.8,62.7,121.8,0,0,1,0,1,0
P0455,25,Female,21.5,8.1,557,7.3,3.5,68.3,No,82.4,4.8,49.1,59.2,107.4,0,0,0,0,0,0
P0456,57,Male,19.1,7.1,157,6.9,6.1,67.7,No,83.2,4.8,70.2,57.5,119,0,0,0,0,0,0
P0457,55,Female,19,7.3,,7.4,5.4,75.4,No,85.8,5,83.4,64.1,119.8,0,0,0,0,0,0
P0458,65,Female,20.2,7.3,406,7.8,3.4,87.5,No,91.3,4.9,69.2,62.8,122.5,0,0,0,0,0,0
P0459,70,Female,27.2,6.5,0,10.2,1.8,,No,92.5,5.3,226,52.9,143.6,0,1,1,0,2,1
P0460,45,Female,19.6,7.8,228,4.8,5.2,88.3,No,67.2,4.2,47,66.4,97.5,0,0,0,0,0,0
P0461,68,Male,26.5,6.5,0,9,3.5,51.5,No,93.6,5.2,95.6,59.7,135,0,1,0,0,1,0
P0462,38,Female,22.4,7.8,138,8.7,2.1,63.2,No,81.3,5.1,93.9,55.6,101.3,0,0,0,0,0,0
P0463,71,Female,25,7.1,73,8.4,2.2,83.1,No,96.4,5.3,88,56.6,119.3,0,0,0,0,0,0
P0464,58,Female,20.9,6.8,0,6,5.7,32.4,No,82.6,4.9,80.3,55.7,124,0,0,0,0,0,0
P0465,40,Male,22.5,7.4,207,8.1,3,57.8,Yes,83.6,4.7,107,57.4,120.4,0,0,0,0,0,0
P0466,52,Female,26.2,6.9,147,9.8,1.9,60.2,No,94.6,5.1,138.7,57.5,116.4,0,0,0,0,0,0
P0467,39,Female,22.4,6,77,6.2,4.9,21.2,No,90.6,5.1,103.7,50.9,111.4,0,0,0,0,0,0
P0468,46,Male,28.7,5.7,57,7.5,1.5,47.3,No,102.2,5.5,187.3,42.3,120.7,1,0,1,0,2,1
P0469,49,Male,21.6,8.2,0,8.1,2.9,93,No,81,4.8,73.2,60.7,115.6,0,0,0,0,0,0
P0470,25,Male,24,8.2,449,7.6,3.6,67.9,Yes,84.8,5,73.7,62.5,110.7,0,0,0,0,0,0
P0471,63,Male,23.5,6.3,,7.5,4,74.1,No,93,5.2,134.6,48.8,122.9,0,0,0,0,0,0
P0472,50,Female,28.7,5.4,90,10.4,2.7,18.1,No,99.6,5.7,163.2,58.2,117.3,1,0,1,0,2,1
P0473,60,Male,26.8,6.1,107,9.9,1.3,76.2,Yes,107,5.8,124.9,49.9,133.8,1,1,0,0,2,1
P0474,60,Female,25.9,7,0,9,2.7,42.7,No,107.6,6.1,182.6,47.2,134,1,1,1,1,4,1
P0475,53,Female,24.6,7.2,,10.1,1.4,36.4,No,113.3,5.8,228.3,48.9,133.3,1,1,1,1,4,1
P0476,62,Female,23.3,7.6,67,7.7,2.9,83.6,No,97.8,5.2,129.8,52.8,125.8,0,0,0,0,0,0
P0477,38,Male,25.4,7,117,9.3,1.6,84.7,No,92.6,5,141.3,52.8,111.7,0,0,0,0,0,0
P0478,36,Male,23.2,6.9,308,8.7,3.4,70,No,82.1,5,83,54.4,105.1,0,0,0,0,0,0
P0479,43,Female,25.1,5.3,296,9.6,1.9,16.2,No,100.7,5.7,112.6,51.4,110.2,1,0,0,0,1,0
P0480,56,Female,25.5,6.8,123,9.4,1.4,41.1,No,111.9,5.9,224.3,41.2,129.5,1,0,1,1,3,1
P0481,43,Male,23.3,7,325,8,1.4,65.6,Yes,83.9,5.1,87.3,57.5,124.6,0,0,0,0,0,0
P0482,52,Female,22,8.3,133,9.7,1.8,83.3,No,99.4,5.4,87.3,63,117.5,0,0,0,0,0,0
P0483,29,Female,23.3,7.9,45,8.8,3.5,83.6,No,92.5,5.2,97.7,50.9,113.8,0,0,0,0,0,0
P0484,55,Female,26.2,6.1,212,8.9,2,53.2,Yes,100.8,5.4,188.4,34.9,110.7,1,0,1,1,3,1
P0485,51,Female,21.9,7.9,152,5.4,5,96.2,No,84,4.7,73.4,67.4,115.6,0,0,0,0,0,0
P0486,45,Male,20.8,,266,8.3,3.5,68.4,No,87.9,4.7,98.4,58.6,102.8,0,0,0,0,0,0
P0487,42,Female,19.3,8,0,5.8,5.2,70.1,No,83.2,4.8,90.5,56.7,113.4,0,0,0,0,0,0
P0488,43,Male,23.3,7.6,412,6.3,6,63.1,Yes,82.2,5.1,83.1,61.7,106.6,0,0,0,0,0,0
P0489,56,Male,26.9,6.1,146,8.9,1.5,15.3,No,98.3,5.4,120.3,36.3,131.5,0,1,0,1,2,1
P0490,29,Male,29.5,6.4,94,6.6,4.9,38.6,No,94.1,5.5,119.1,54.3,111.9,0,0,0,0,0,0
P0491,43,Female,21.1,8.3,268,7.2,3.7,60,No,82.3,4.8,73.6,66.7,102.6,0,0,0,0,0,0
P0492,44,Male,21.4,8.9,432,10.6,1.2,61.7,No,89.4,5.2,65.1,62.9,121.2,0,0,0,0,0,0
P0493,63,Male,19,6.4,23,10.2,1.8,59,No,99.7,5,164.3,58.8,123.2,0,0,1,0,1,0
P0494,62,Female,22.2,7,54,7.2,3.1,87.4,No,98.2,5.1,91.9,58.7,128,0,0,0,0,0,0
P0495,58,Male,19.3,6.7,120,9.3,2.6,40,No,94.7,5.1,104.7,62.6,135.7,0,1,0,0,1,0
P0496,58,Male,22.3,6.6,0,7.2,2.6,81.8,No,101.5,5.2,118.9,47.4,138.5,1,1,0,0,2,1
P0497,36,Male,19.1,7.5,,7,5.3,49.7,No,80.5,4.7,87,52.5,110.1,0,0,0,0,0,0
P0498,37,Male,25.5,6.5,0,8.7,2.4,14.6,No,90,5.2,127.9,46.2,119.7,0,0,0,0,0,0
P0499,50,Male,27.2,6.5,220,7.3,5,24.5,No,107.6,5.7,155.7,45.2,124.5,1,0,1,0,2,1
P0500,59,Female,28.3,6.3,70,9.3,2.2,21.2,No,109.9,5.8,210.3,45.5,121,1,0,1,1,3,1
P0501,68,Female,20.7,8.1,238,7.7,3.1,60.2,Yes,91.8,5.1,92.8,58.3,122.3,0,0,0,0,0,0
P0502,66,Female,25.3,6.3,153,10.7,1.8,52.5,No,105,5.3,115.7,52.7,127.3,1,0,0,0,1,0
P0503,28,Male,22,6.6,159,5,5.2,53.5,No,77.8,4.9,103.9,61.5,98.2,0,0,0,0,0,0
P0504,60,Male,24.7,7.1,94,6.5,4.4,68.9,No,92.6,4.9,110.4,44.6,129.4,0,0,0,0,0,0
P0505,62,Male,23.5,6.4,109,9.8,2.2,63.8,No,93.2,5.3,129.8,41.8,128.5,0,0,0,0,0,0
P0506,57,Male,26,6.4,88,7.9,5.1,36.5,Yes,99.8,5.4,108.5,47.6,126.9,0,0,0,0,0,0
P0507,62,Female,21.7,7,0,8.9,1.8,45.2,No,87.1,5.1,117.6,63.2,125.1,0,0,0,0,0,0
P0508,60,Male,26.6,7.2,60,10.1,3.7,67.4,No,99.7,5.7,188.4,39.3,135.7,1,1,1,1,4,1
P0509,25,Male,21.3,7.5,365,7.7,3,68.8,No,88.5,5.2,84,56.4,101.1,0,0,0,0,0,0
P0510,59,Female,21.6,6.9,0,9.3,3.3,58.1,No,85.9,5,76.5,57.1,115.5,0,0,0,0,0,0
P0511,56,Female,27.1,7.1,0,6,5.7,45.4,No,101.8,5.4,107.8,56.5,128.7,1,0,0,0,1,0
P0512,50,Male,26.7,7.7,114,6.7,4,81.3,No,93.5,5.3,90.8,56.5,121,0,0,0,0,0,0
P0513,23,Female,21.9,6.1,233,6.8,3,34.8,No,90.4,5.3,95.3,66.6,105.7,0,0,0,0,0,0
P0514,55,Female,26.8,6.5,140,5.6,5.9,24.1,No,90.5,5.5,111.2,57.5,123.7,0,0,0,0,0,0
P0515,45,Male,24.4,7.7,120,7,4.4,68.7,Yes,93.1,5.3,115.9,57.2,113.2,0,0,0,0,0,0
P0516,44,Female,24.7,7.8,88,9.4,4.5,35,No,106.4,5.7,157.4,50.7,136.2,1,1,1,0,3,1
P0517,53,Male,22.9,6.1,46,9.8,2.2,41.7,Yes,105.4,5.7,149.6,46.6,113.1,1,0,0,0,1,0
P0518,72,Female,24.8,6.4,56,6.7,4.5,60.5,No,102.8,5.1,134.8,60.3,141.1,1,1,0,0,2,1
P0519,29,Male,24,9,205,6.3,4.5,43.7,Yes,83,5.1,65.7,60.1,104.2,0,0,0,0,0,0
P0520,51,Female,25.2,6,202,9,5.5,22.2,No,99,5.4,98.2,58.3,127.7,0,0,0,0,0,0
P0521,42,Male,25.2,6.3,56,9.4,2.6,52.5,Yes,100.2,5.5,131.8,48.4,108.2,1,0,0,0,1,0
P0522,59,Female,19.8,8.1,115,9.4,2.6,61.3,No,93.2,5,122.4,55.3,106.5,0,0,0,0,0,0
P0523,40,Female,27.6,5.8,141,9.4,3.6,45.3,No,88.1,5.5,124,57.3,111.3,0,0,0,0,0,0
P0524,36,Female,22.7,8.7,56,6.9,3.3,20.6,No,98.8,5,137.2,55.4,114.3,0,0,0,0,0,0
P0525,28,Female,25.6,6.1,0,8,4.1,63.8,No,90.2,5.3,91.2,51.9,102.8,0,0,0,0,0,0
P0526,61,Male,22.6,7.6,289,9.7,1.4,61.9,No,108,5.5,115.5,52.9,129.1,1,0,0,0,1,0
P0527,45,Male,27.3,7.5,57,10.8,1.1,32.7,No,100.6,5.6,141.2,32.7,123.9,1,0,0,1,2,1
P0528,52,Male,23.2,6.7,294,8.6,4.2,72.3,No,88.7,5.3,90.1,56.7,110.4,0,0,0,0,0,0
P0529,54,Female,25.7,6.1,130,8,2.5,23.9,No,103.5,5.4,177.6,53.5,117.8,1,0,1,0,2,1
P0530,61,Male,25,7,81,9.2,2,77.9,Yes,93.1,5.1,106.4,45.8,125.4,0,0,0,0,0,0
P0531,40,Female,23.7,6.5,205,7,4.5,38.1,No,87.5,5.2,94.8,59.5,102.5,0,0,0,0,0,0
P0532,42,Female,25,5.9,131,9.1,2.6,23.2,Yes,95.9,5.2,82.8,58.1,118.1,0,0,0,0,0,0
P0533,24,Male,20.4,7.5,593,6,4.3,79.3,Yes,84.1,4.8,45.7,55.9,97.7,0,0,0,0,0,0
P0534,72,Male,24.4,6.9,0,7.8,3.3,42.4,No,105,5.9,151.8,46.3,138.9,1,1,1,0,3,1
P0535,23,Female,22.5,7.7,251,6.7,3.6,45,No,88.1,5.2,95.3,58.8,104.2,0,0,0,0,0,0
P0536,57,Male,21.7,7.6,132,6.7,3.5,95.6,Yes,93.2,5.2,83.5,58.6,115.7,0,0,0,0,0,0
P0537,32,Male,23.3,6.6,313,6.7,5.8,57.9,No,81,4.8,75.4,54.4,106.7,0,0,0,0,0,0
P0538,46,Male,22.4,7.6,,6.6,4.6,90.2,No,82.1,4.8,69.1,56.9,115.2,0,0,0,0,0,0
P0539,41,Female,22.9,6.9,144,8.8,3,51.7,No,96.7,5.1,100.7,65.9,102,0,0,0,0,0,0
P0540,45,Female,20.7,6.8,91,9.4,3.6,11.8,No,96.2,5,79.5,63.3,114.9,0,0,0,0,0,0
P0541,30,Male,23.3,6.7,157,6.7,4,22.4,No,82.3,4.8,58,56.8,101.3,0,0,0,0,0,0
P0542,58,Male,23.7,6.5,131,7.5,3.6,55.2,No,74.9,4.7,66.1,62.6,116.9,0,0,0,0,0,0
P0543,37,Male,22,7.1,138,7.7,1.8,74.2,No,76.1,4.6,130.9,55.1,103.9,0,0,0,0,0,0
P0544,67,Male,25.8,5.6,135,7.4,3.6,83.3,Yes,94.5,5.4,102.9,51.2,126.8,0,0,0,0,0,0
P0545,60,Female,26.2,6.8,161,9.7,2.1,46.1,No,96.8,5.4,151.7,37.9,123.4,0,0,1,1,2,1
P0546,40,Male,24,6.9,,9,2.7,18.9,Yes,87.3,5.2,126.2,47.9,111.7,0,0,0,0,0,0
P0547,44,Female,21.6,7.5,86,6.6,3.7,62.9,No,75.6,4.9,91.8,60.6,121.2,0,0,0,0,0,0
P0548,52,Female,22.8,7,165,5.6,4.7,59.4,No,95.1,5.5,188.6,50.1,133.1,0,1,1,0,2,1
P0549,50,Male,23.2,7.7,68,10.2,1,41.5,No,87.5,5.1,105.9,44.4,117.3,0,0,0,0,0,0
P0550,46,Male,24.9,7.2,61,7.9,2.5,19.5,Yes,101.3,5.6,164.6,42.2,116.1,1,0,1,0,2,1
P0551,35,Male,19.7,6.8,108,8.3,5,65.6,No,87.7,5,80.3,65.9,110.6,0,0,0,0,0,0
P0552,45,Male,23.3,6.6,319,6.8,4.8,32.2,No,83.4,5,68.8,48.6,121,0,0,0,0,0,0
P0553,68,Male,23.6,6.3,124,8.9,2.6,85.1,Yes,103.4,5.4,111.5,49,124.7,1,0,0,0,1,0
P0554,29,Male,24.3,6.5,105,9.2,2.6,49.8,No,98.7,5.3,105.3,42.9,117.3,0,0,0,0,0,0
P0555,36,Female,25.8,6.5,193,7.8,3.7,27.9,No,91.3,5.2,128,56.1,98.9,0,0,0,0,0,0
P0556,53,Female,24,7.1,118,8.2,4.1,45.2,No,98.8,5.3,103.2,51.7,118.2,0,0,0,0,0,0
P0557,31,Male,24,7.5,0,7.5,4,55.8,No,89.2,5.3,105.1,44.2,102.9,0,0,0,0,0,0
P0558,55,Male,20,6.8,0,9.1,3,49.4,No,101,5.2,91.5,49.6,132.2,1,1,0,0,2,1
P0559,72,Female,27.8,5.4,0,7.3,3.3,20.5,No,93.5,5.5,113.4,52.4,129.8,0,0,0,0,0,0
P0560,67,Male,17.9,7.7,302,5.5,6.1,48.1,No,77.4,4.9,47.1,69.7,114.9,0,0,0,0,0,0
P0561,50,Female,25.8,6.5,95,6.9,3.9,52.5,No,89.5,5.1,124.3,60.6,109.5,0,0,0,0,0,0
P0562,61,Male,23.3,8.4,137,6.8,4.1,60.9,No,105.3,5.4,114.1,58.3,128.9,1,0,0,0,1,0
P0563,45,Female,27.3,7,,9.3,2.6,59.5,Yes,91.1,5.2,77.7,52.3,116.9,0,0,0,0,0,0
P0564,25,Female,25.2,6.9,65,7.3,2.9,49.2,No,89.9,5.3,113.1,47.4,100.1,0,0,0,1,1,0
P0565,53,Male,22.3,7.3,94,8.9,5.1,43.9,No,93.7,5.3,113.7,47.3,126.3,0,0,0,0,0,0
P0566,48,Female,23.6,6.9,0,8.5,2.6,70.8,No,96.5,5.2,138.2,50.2,105.6,0,0,0,0,0,0
P0567,35,Male,22.7,7.1,165,6.5,4.1,18.2,No,81.7,5.1,127.2,49.9,124.5,0,0,0,0,0,0
P0568,24,Male,17.6,8.2,418,7.5,3.4,47.5,No,76.9,4.7,78.9,53,105.7,0,0,0,0,0,0
P0569,73,Male,28.6,5.9,258,7.4,2.3,32.5,No,103.8,5.9,102.3,52.5,146.8,1,1,0,0,2,1
P0570,36,Female,22.7,7.3,0,8.6,2.9,70.2,No,87,5.2,115,58.8,116,0,0,0,0,0,0
P0571,59,Male,21,7.5,289,5,6,69.1,No,88.5,5.1,55.8,68.3,121.1,0,0,0,0,0,0
P0572,49,Male,22.2,5.7,109,8.6,3.6,65.4,Yes,94.2,5,135.3,49.4,108.9,0,0,0,0,0,0
P0573,71,Male,25.6,7,373,6.5,5.5,65.8,No,103.1,5.7,118.1,55.8,136.5,1,1,0,0,2,1
P0574,58,Female,21.9,8.5,,7.6,4.2,74.4,No,95.5,5.2,91.2,63.2,121.7,0,0,0,0,0,0
P0575,31,Female,19.7,8.4,622,6.4,5.2,67.5,No,72.1,4.5,67.6,68.1,98.9,0,0,0,0,0,0
P0576,38,Female,20.2,8.3,103,6.2,3.5,34.8,No,92.2,5,86.5,57.1,111.6,0,0,0,0,0,0
P0577,62,Male,24.1,6.1,78,7.8,2.2,62.2,No,93.6,5.3,90.6,50.9,135.1,0,1,0,0,1,0
P0578,46,Male,24.5,7.6,126,9.8,1.3,11.5,No,103,5.5,207.1,39.1,131.6,1,1,1,1,4,1
P0579,54,Female,23,7.1,184,5.3,5.2,85.2,No,84.1,5.2,98.4,53,125.5,0,0,0,0,0,0
P0580,69,Female,28.9,5.6,107,10.2,1.6,77.5,No,103.7,5.4,104.8,57,133.2,1,1,0,0,2,1
P0581,58,Male,26.4,5.4,169,9.3,3.3,70.6,No,109.4,5.8,117.4,54.3,137.7,1,1,0,0,2,1
P0582,29,Female,20.7,7.9,180,5.3,5.2,92,No,79.7,4.9,84,72.4,113.7,0,0,0,0,0,0
P0583,55,Male,24,5.4,317,7.8,3.2,50.2,No,86.6,5.2,74.4,43.5,122.5,0,0,0,0,0,0
P0584,64,Female,19.8,6.9,89,8.2,4.1,47.9,No,81.5,4.8,72.6,61.1,119.7,0,0,0,0,0,0
P0585,38,Male,19.3,7.5,0,6.2,3.5,,No,72.7,4.5,54.3,58.8,105.2,0,0,0,0,0,0
P0586,49,Male,22.5,7,255,6.9,5,77.4,No,90.1,5,132.3,49,116,0,0,0,0,0,0
P0587,59,Female,23.5,7.3,62,8.2,3.8,17.6,No,90.5,5.1,106.5,56.4,124,0,0,0,0,0,0
P0588,46,Male,26.7,7.7,152,6.4,3.9,87.7,Yes,103.1,5.6,163,44.6,127,1,0,1,0,2,1
P0589,74,Male,23,6,155,9.5,1.1,66.4,No,105.3,5.2,162.3,42.3,131.4,1,1,1,0,3,1
P0590,38,Male,26.4,7.1,190,8.3,2.1,68.4,Yes,88.4,5.3,111,55.2,110,0,0,0,0,0,0
P0591,61,Female,24.5,5.8,138,9,1,51.7,No,89.9,4.9,91.3,60.1,129.8,0,0,0,0,0,0
P0592,37,Male,27.7,,62,6.3,4.3,73.1,Yes,95,5.2,102.3,47.5,117.7,0,0,0,0,0,0
P0593,26,Male,24.2,6.7,327,5.2,4.6,58,No,71.1,4.5,72.3,62.7,101.3,0,0,0,0,0,0
P0594,39,Male,23.7,6.1,286,8.7,5,34.5,No,83,5.2,135.7,46.4,117.2,0,0,0,0,0,0
P0595,49,Male,23.2,6.9,41,8.2,4.3,34.9,No,92,5.4,118.1,51.6,124.1,0,0,0,0,0,0
P0596,67,Female,29,5.7,0,8.7,2.7,26,Yes,94.1,5.5,147.2,52.7,128.2,0,0,0,0,0,0
P0597,68,Female,29.5,5.6,137,7.5,3.5,55.3,No,97.8,5.9,110.2,62.3,137.8,1,1,0,0,2,1
P0598,50,Female,24.8,7.2,186,9,3.4,64.1,No,101.1,5.5,144.7,51.1,116.5,1,0,0,0,1,0
P0599,64,Female,23.9,5.8,61,8.3,2.1,,No,104.2,5.3,105.4,57.3,117.5,1,0,0,0,1,0
P0600,55,Female,23.5,5.5,0,9.6,1.7,33.1,No,96.8,5.4,179.5,51.6,126.4,0,0,1,0,1,0
P0601,65,Female,22.2,7.3,300,6.1,4,,No,96.8,5.4,80.9,64,138.3,0,1,0,0,1,0
P0602,26,Male,27.9,8.1,93,7.7,3.9,66.3,Yes,75.2,5,135.4,43.5,100,0,0,0,0,0,0
P0603,56,Male,22,7,63,10.2,1.5,13.2,No,88.3,5.1,124.1,53.1,104.1,0,0,0,0,0,0
P0604,45,Male,21.6,7.1,298,6.2,3.1,71.5,Yes,95.9,5.3,93.8,49.7,106.8,0,0,0,0,0,0
P0605,46,Male,24.7,6.6,192,8.3,2.5,34.7,Yes,91.9,5.6,94.9,49.3,121.4,0,0,0,0,0,0
P0606,46,Male,27.2,7.7,126,6.6,4.9,45.5,Yes,89.9,5.4,100.7,52.8,118.8,0,0,0,0,0,0
P0607,63,Female,25.6,6.9,27,10.7,1.1,63.9,No,108.5,5.8,130.7,56.5,129.9,1,0,0,0,1,0
P0608,46,Male,27.4,6.9,138,8,1.6,52.9,No,97.3,5.5,130.5,39.7,121.9,0,0,0,1,1,0
P0609,39,Female,21.9,7,0,6.3,3.8,,No,92.9,5.2,140.3,55.8,101.2,0,0,0,0,0,0
P0610,61,Female,25.1,8.3,111,7.9,2.9,72.9,No,98.3,5.3,135.8,54.3,130.6,0,1,0,0,1,0
P0611,52,Female,23.1,7.5,95,9.5,2.1,51.4,No,88.9,5,79.4,56.3,99.8,0,0,0,0,0,0
P0612,54,Female,22,7,0,7.4,3.5,35.1,No,91.7,5.3,110.5,68,120.1,0,0,0,0,0,0
P0613,59,Male,18.1,8.2,208,7,5.8,76.2,No,88.7,5.1,82.8,57,108.4,0,0,0,0,0,0
P0614,30,Male,21.9,7.2,236,7.2,4.4,51,No,95.4,5.4,107.9,47.6,102.1,0,0,0,0,0,0
P0615,58,Male,25.1,,193,9.8,1.5,48.7,No,113.4,5.5,141.5,49.6,139.7,1,1,0,0,2,1
P0616,59,Male,25.6,6,,8.5,5.3,,Yes,100.8,5.4,131.1,55.3,138.2,1,1,0,0,2,1
P0617,56,Female,24.6,5.7,150,7.5,5.2,45,Yes,90.6,5.1,112.2,67.5,125.4,0,0,0,0,0,0
P0618,26,Male,23.7,7.6,184,7.3,5,39.2,No,85.5,5.1,153.8,44.3,99,0,0,1,0,1,0
P0619,59,Male,18.7,6.8,217,7.2,4.2,69.4,No,89.5,5,75.2,61.8,125.2,0,0,0,0,0,0
P0620,67,Male,19.2,6.5,208,8.6,1.8,46.6,No,93.5,4.9,110.7,50.5,125.3,0,0,0,0,0,0
P0621,65,Female,19.4,7.4,302,5.6,5.1,36.9,No,85.5,4.8,47.7,66.6,125.2,0,0,0,0,0,0
P0622,54,Female,21.7,6.5,79,7.8,4.9,22.3,No,102.6,5.2,77.2,63.3,120.3,1,0,0,0,1,0
P0623,67,Female,24.5,4.5,52,9.3,2.6,28.8,No,110.1,5.5,121.2,62.3,131.6,1,1,0,0,2,1
P0624,44,Female,17.8,6.8,312,4.8,6,51.3,Yes,81.1,4.9,60.4,75.7,104.6,0,0,0,0,0,0
P0625,59,Male,27.4,5.5,214,6.7,5,29.6,No,100.6,5.3,155.4,52.5,122.7,1,0,1,0,2,1
P0626,35,Female,16,8.5,370,8.3,4.2,65.5,No,71.6,4.4,78.9,74.6,109,0,0,0,0,0,0
P0627,46,Male,25.5,6.4,65,8.3,2.6,45.4,No,99.6,5.6,170.4,49.6,125,0,0,1,0,1,0
P0628,44,Female,19.1,8.1,186,9.3,2.1,,No,94.8,5.1,145.6,54.2,119.9,0,0,0,0,0,0
P0629,45,Female,26.8,7.3,64,7.1,3.2,56.1,No,92.6,5.1,80.4,56.2,109.6,0,0,0,0,0,0
P0630,53,Male,24.9,6.9,109,7.7,3.5,52.1,No,95,5.1,82.2,49.4,130.5,0,1,0,0,1,0
P0631,54,Male,27.7,5.5,161,9.6,1.4,14.3,No,97.4,5.4,114.3,45.1,122.7,0,0,0,0,0,0
P0632,44,Female,22.8,,0,8.6,3.4,27.8,No,99.8,5.2,178.1,51.2,129.3,0,0,1,0,1,0
P0633,57,Male,28.4,5.1,220,9.6,2.1,41.6,No,104.5,5.6,106.5,48.1,121.2,1,0,0,0,1,0
P0634,54,Male,21,7.6,200,8.5,4.1,25.3,No,87.8,4.9,90.8,51.5,126.7,0,0,0,0,0,0
P0635,54,Female,26.5,5.3,222,8.8,2.5,41.4,No,110.5,5.8,153.5,54.8,125.1,1,0,1,0,2,1
P0636,52,Male,25.9,7.5,101,6.8,4.8,46.4,Yes,102.4,5.4,164,54,126,1,0,1,0,2,1
P0637,65,Female,30.9,6.5,0,10.5,1.8,43.4,No,108.9,5.7,234.8,44.9,146.1,1,1,1,1,4,1
P0638,45,Female,20.6,7.5,81,7.6,3.5,64.7,No,90.1,5,73.7,65.7,115.6,0,0,0,0,0,0
P0639,38,Female,25.5,6.2,358,10,3.5,49.3,No,99.9,5.2,123.8,60.9,98.9,0,0,0,0,0,0
P0640,35,Male,25.2,7.2,209,6.6,3.8,38.4,No,75.7,4.9,96,51.4,119.6,0,0,0,0,0,0
P0641,69,Female,24.3,7.4,84,9.2,3.9,34.9,No,105.4,5.4,133,62.6,141.4,1,1,0,0,2,1
P0642,61,Female,28.7,5.8,0,9.2,2.7,53.4,No,102.1,5.4,152.4,49.1,140.2,1,1,1,1,4,1
P0643,30,Female,25.7,7.2,447,5.6,4,37.1,No,76.8,5.1,115.1,61.1,116.6,0,0,0,0,0,0
P0644,23,Female,22.7,6.3,164,8.1,3.1,62.3,No,89.7,5.2,153.6,54.3,100.1,0,0,1,0,1,0
P0645,58,Male,26.4,5.9,84,8.3,3.7,14.1,No,95.7,5.4,244.8,46.7,132.8,0,1,1,0,2,1
P0646,48,Female,21.5,6.3,57,8.8,1.1,31.1,No,88.8,4.8,99.8,55.8,120.4,0,0,0,0,0,0
P0647,59,Male,24.7,6.4,114,8.9,1.9,79.4,No,114.6,5.6,157.6,54.1,136.5,1,1,1,0,3,1
P0648,40,Male,22.5,6.9,100,8.3,3.8,59.7,No,86.2,5.2,94.8,46.6,110.8,0,0,0,0,0,0
P0649,61,Male,25.8,,120,8.3,2.9,50.8,No,102.8,6,112.8,42.4,126.8,1,0,0,0,1,0
P0650,42,Female,27.2,6.7,89,9.5,4.3,49.6,No,110.6,5.5,128.6,51.1,122.6,1,0,0,0,1,0
P0651,56,Female,22.5,6.4,297,6.2,5.1,64.9,No,77.6,4.6,60.3,74.6,119.3,0,0,0,0,0,0
P0652,29,Male,24.3,8.3,,8.9,1.3,54.3,No,86,5.1,75.5,51.9,100.8,0,0,0,0,0,0
P0653,56,Female,21.7,8.2,56,9.3,1.6,23.5,No,93.2,5.2,170.1,52.8,117,0,0,1,0,1,0
P0654,26,Female,20.6,8.1,62,9.8,2.9,61.3,No,94.3,5.1,104.9,58.1,107.8,0,0,0,0,0,0
P0655,36,Female,20.5,7.9,,8.7,2.6,67.5,No,80.3,4.8,101.2,63.5,100.5,0,0,0,0,0,0
P0656,46,Male,23.7,7.1,700,5.6,5.6,71.5,No,86.7,5.3,61.3,52.1,125,0,0,0,0,0,0
P0657,41,Male,26.1,6.5,0,8.6,3,27.3,No,96,5.3,176.6,41.9,116.5,0,0,1,0,1,0
P0658,49,Female,27,7.5,0,7.8,4.1,76.7,No,80.4,5.2,78.9,60,114.5,0,0,0,0,0,0
P0659,46,Male,24.1,8.3,202,8,3,43.8,No,87.1,5.1,104.9,54.5,121.7,0,0,0,0,0,0
P0660,50,Female,25.3,6,108,8.2,1.5,29.9,No,93.6,5.2,147.6,58.4,118.9,0,0,0,0,0,0
P0661,58,Male,22.8,6,73,8.4,2.7,58.1,No,89.3,5.2,80.2,49.6,128.1,0,0,0,0,0,0
P0662,27,Female,21.5,7.3,0,6.4,5.2,76.4,No,88.3,5,100.4,61.9,84.2,0,0,0,0,0,0
P0663,63,Female,26.8,6.3,94,8.1,3.2,66.8,No,104.2,5.6,127.4,49.8,139.6,1,1,0,1,3,1
P0664,36,Female,24.2,6.3,254,8.7,3.7,44.4,No,88,4.9,130.2,52.9,113,0,0,0,0,0,0
P0665,23,Female,25,6.7,137,7.4,4.9,40.8,No,80.4,5,140.7,60,107.4,0,0,0,0,0,0
P0666,68,Female,24.4,6.4,0,8.3,2,54.3,No,98.7,5.1,204.1,54.8,131.2,0,1,1,0,2,1
P0667,63,Female,25.7,5.1,127,8.1,2.8,69.2,No,105.9,5.7,102.5,52.5,133.5,1,1,0,0,2,1
P0668,64,Female,28.2,6.3,73,8.1,2.8,31.4,No,87.7,5.1,165.1,60.8,132.6,0,1,1,0,2,1
P0669,48,Male,26.3,6.7,148,8.5,3.3,50.1,No,91.7,5.6,107.2,48.6,115.2,0,0,0,0,0,0
P0670,56,Male,26.1,5.7,113,8.3,3.2,28.7,No,100.7,5.7,118,54.1,127.6,1,0,0,0,1,0
P0671,36,Male,28,6.3,0,9.2,1.7,17.4,No,98.1,5.7,181.4,44.2,110.5,1,0,1,0,2,1
P0672,31,Female,22.4,7.4,196,7.3,2.5,12.1,Yes,94.4,5.2,153.7,55.7,107.6,0,0,1,0,1,0
P0673,55,Male,19.7,6.7,158,9.7,2.3,25.3,No,89.8,5.1,78,49.4,124.8,0,0,0,0,0,0
P0674,50,Male,27.9,7,0,9.9,2.8,82,Yes,100.7,5.5,149.3,49.2,122.3,1,0,0,0,1,0
P0675,49,Female,29.6,5.3,174,8.3,3,56.6,No,102.5,5.6,114.8,56.1,125.4,1,0,0,0,1,0
P0676,64,Female,23.6,6.9,102,8.8,3.2,53.1,No,91.2,5.2,152.8,56.7,128.5,0,0,1,0,1,0
P0677,66,Female,29.8,5.1,46,8.8,2.8,23.7,No,103.4,5.6,177.9,48.5,143.6,1,1,1,1,4,1
P0678,65,Female,20.1,8.4,152,6.8,3.9,94.4,No,78.1,4.9,80.6,63.4,115.8,0,0,0,0,0,0
P0679,51,Male,21.2,6.4,,8.2,3.2,48.7,No,102.3,5.4,150.9,43.2,132,1,1,1,0,3,1
P0680,53,Male,22.5,6.6,,9.1,2.3,71,Yes,100.5,5.4,128.7,56.4,133.1,1,1,0,0,2,1
P0681,47,Female,21.1,7.7,175,5.2,3.6,75,No,75.9,4.8,57.4,62,102.5,0,0,0,0,0,0
P0682,52,Male,25.2,6.9,87,9.9,2.1,,No,98.4,5.2,204.5,46.6,128.3,0,0,1,0,1,0
P0683,64,Female,23.5,6.7,0,7,2.9,31.7,No,89,5.3,117.3,60.3,132.5,0,1,0,0,1,0
P0684,63,Female,31.2,5.5,121,9.3,1.4,59.4,No,100.9,5.7,147.1,51.3,135.7,1,1,0,0,2,1
P0685,38,Male,22.4,6.4,236,6.8,4.7,73.7,No,93.4,5.3,103.9,59.7,115.1,0,0,0,0,0,0
P0686,67,Female,22.1,6.3,218,6.7,3.9,65.4,No,94.5,4.9,92.7,71.7,127.9,0,0,0,0,0,0
P0687,44,Female,27.8,6.4,139,8.5,2.4,18.4,No,103.4,5.6,173.5,54.1,117.1,1,0,1,0,2,1
P0688,57,Male,26.9,6.1,142,7.6,4.2,35.5,No,90.2,5.4,159.4,48,122.4,0,0,1,0,1,0
P0689,55,Female,19.4,6,116,9.8,4.5,37.3,No,95.1,5.4,116.3,56.4,126.9,0,0,0,0,0,0
P0690,39,Male,24.9,7,179,8.2,3.4,71.8,No,93.5,5,133.6,53.3,124.3,0,0,0,0,0,0
P0691,55,Male,23.6,6,0,9.4,1.7,32.2,No,91.3,5.3,115,41.2,122,0,0,0,0,0,0
P0692,39,Female,24.5,6.7,583,6.9,4.7,52.4,No,82.1,4.8,90.2,52.5,121.3,0,0,0,0,0,0
P0693,31,Male,25.2,5.6,205,8.2,4.6,,No,95.3,5.3,156.2,41.8,112.4,0,0,1,0,1,0
P0694,62,Male,27.3,6.6,38,8.7,3,35.1,No,95,5.4,157.6,43.9,134.9,0,1,1,0,2,1
P0695,45,Male,23.7,7.7,242,9,2.2,64.5,No,87.4,5,69.3,59.6,116.1,0,0,0,0,0,0
P0696,45,Female,23,7.3,137,7.8,2.2,,No,87.7,5.3,83.7,60.6,108.8,0,0,0,0,0,0
P0697,65,Male,24.8,4.9,0,8.9,3.2,75.5,No,98.2,5.4,103.9,51,132,0,1,0,0,1,0
P0698,54,Female,27.8,7,700,7.2,2.2,77.1,No,92.6,5.2,65.2,63.4,104,0,0,0,0,0,0
P0699,37,Female,20.1,8.7,272,6.8,5.8,82,Yes,80.3,5,50.9,60.5,100.5,0,0,0,0,0,0
P0700,45,Female,25.1,6.3,122,9.8,1.2,51.8,Yes,97.5,5.4,113.6,61,124.7,0,0,0,0,0,0
P0701,44,Male,23.6,6.4,56,8,3.4,74.8,No,93.7,5.1,71.7,57.1,111,0,0,0,0,0,0
P0702,57,Male,28.7,5.8,140,8.9,1.7,44.5,Yes,100.2,5.3,150.4,43,139.1,1,1,1,0,3,1
P0703,40,Female,24,7,0,7.9,1.8,54.7,No,94,5.1,97.6,56,113.6,0,0,0,0,0,0
P0704,43,Female,21.9,7.1,111,7.5,3.8,51.4,No,89.9,4.9,104.6,56.6,114.2,0,0,0,0,0,0
P0705,46,Female,20.9,7.4,639,6,5,71.8,No,85.5,4.8,50.1,77.5,107.7,0,0,0,0,0,0
P0706,31,Male,25.3,5.8,302,6.6,2.7,71.6,No,80.2,5.2,113.6,50.5,106.1,0,0,0,0,0,0
P0707,56,Male,24.4,7,,8.8,3.7,25.4,No,91.5,5.1,118.3,69.7,111.1,0,0,0,0,0,0
P0708,61,Male,27,6.5,208,6.1,5,44.8,No,100.7,5.6,126.2,60,130.5,1,1,0,0,2,1
P0709,47,Female,23.7,6.3,67,10.3,1.8,60.2,No,93.5,5.2,125.9,48,116,0,0,0,1,1,0
P0710,57,Male,29.6,6.9,58,9,1.8,37.5,No,110.2,5.9,193.7,42.8,133.6,1,1,1,0,3,1
P0711,64,Male,27.6,6.6,263,6.5,5.3,40.9,No,108.4,5.3,87.3,52.4,124.4,1,0,0,0,1,0
P0712,69,Female,24.9,7,78,8.6,3.3,28,No,96.9,5.1,101.4,53.4,134.5,0,1,0,0,1,0
P0713,51,Female,24.5,6.3,106,6.2,3.1,29.2,No,88.8,5,117.2,63,115.5,0,0,0,0,0,0
P0714,30,Male,26.1,7.5,429,8.1,4.8,93.6,No,83.5,5,52.3,58.6,108,0,0,0,0,0,0
P0715,40,Female,26.9,6.5,289,8.8,1.4,59.8,No,95,5.4,110.1,48.4,120.7,0,0,0,1,1,0
P0716,39,Male,19.7,7.5,155,7.7,1.8,57.8,No,88.6,4.9,63,53.5,106.8,0,0,0,0,0,0
P0717,40,Male,25.8,7.5,59,10.1,1.2,78.1,No,98.8,5.4,118.9,52.2,124.9,0,0,0,0,0,0
P0718,65,Female,20.6,7,282,6.4,5.1,57.3,No,90.1,4.8,55.1,64.4,126,0,0,0,0,0,0
P0719,65,Male,24.8,6.4,90,8.9,2.9,58.2,No,99.2,5.3,162.9,52.9,131.5,0,1,1,0,2,1
P0720,40,Female,23.5,7.1,276,5.9,5.1,63.4,No,84,5,77.6,57.2,106.8,0,0,0,0,0,0
P0721,53,Female,18.3,7.5,670,8.5,3.4,50.2,No,82.5,4.7,34.5,70.1,104,0,0,0,0,0,0
P0722,57,Female,24.4,6.5,147,9,1.4,62.4,Yes,98.7,5.2,89,67.6,123,0,0,0,0,0,0
P0723,26,Male,20.6,7,604,6.6,4.1,71.1,No,80.8,4.5,64,61,105.7,0,0,0,0,0,0
P0724,65,Male,24.9,6.5,49,8.9,1.4,58.9,No,93.4,5.3,142.2,56.1,124,0,0,0,0,0,0
P0725,43,Female,21.6,6.8,107,8.7,3.8,51.1,No,89,5.1,92.7,65.8,114.4,0,0,0,0,0,0
P0726,51,Male,30.9,6.7,0,8.9,2.4,11.9,No,96.7,5.6,171,37.8,131.4,0,1,1,1,3,1
P0727,66,Male,30.4,6.2,182,8.5,2.1,33.5,No,93.1,5.4,127.7,35,132.4,0,1,0,1,2,1
P0728,64,Male,27.3,6.2,121,10,1.5,22.3,Yes,101.6,5.6,128,51.5,142.9,1,1,0,0,2,1
P0729,59,Female,29,6.3,131,7.4,4.4,87.6,No,97,5.7,104,57.8,134.1,1,1,0,0,2,1
P0730,70,Female,28.6,5.4,,10.3,1.4,61.1,No,106.1,5.5,129.2,47.5,128.6,1,0,0,1,2,1
P0731,55,Female,25.8,6.9,105,8.9,2.8,65.1,Yes,106.3,5.5,158.4,58.9,127.9,1,0,1,0,2,1
P0732,59,Female,22.6,6.1,148,6.3,4.1,72.7,No,91.8,4.9,129,58.8,130.9,0,1,0,0,1,0
P0733,29,Female,20.2,6.7,215,7.1,5.4,84.1,No,75.6,4.7,72.8,63.3,104.4,0,0,0,0,0,0
P0734,47,Female,23,7.2,64,7,3.1,44.8,No,96.8,5.5,93.1,60.3,114.7,0,0,0,0,0,0
P0735,33,Female,25.4,7,130,7.4,4.5,58.6,No,84.4,5.4,121.7,57.3,130.7,0,1,0,0,1,0
P0736,49,Female,26.8,,33,10.6,2.2,30.1,No,98.8,5.4,148.4,49.9,126.1,0,0,0,1,1,0
P0737,60,Female,28,6.4,90,6.6,2.7,19.6,No,102,5.5,171.1,48.6,142,1,1,1,1,4,1
P0738,46,Male,25.5,6.6,451,8.1,4.2,44.7,No,89.7,5,52.6,62.1,112.7,0,0,0,0,0,0
P0739,52,Female,24.8,6.5,71,8.8,1.3,55.6,No,104.4,5.4,171,47.1,135.4,1,1,1,1,4,1
P0740,39,Male,28,5.6,60,5.9,4.6,62.5,No,102.5,5.5,114.4,55.4,125.4,1,0,0,0,1,0
P0741,60,Male,26.1,6.7,144,7.5,3.2,27.8,No,97.6,5.6,129.5,54.3,119.8,0,0,0,0,0,0
P0742,44,Male,27,7.1,0,4.8,5.3,77.4,No,87.1,5.2,156.5,57.8,123.7,0,0,1,0,1,0
P0743,61,Male,24.4,6.6,181,8.3,3.5,37.6,No,100.6,5.3,132.6,47.6,121.4,1,0,0,0,1,0
P0744,40,Male,26.5,7.2,289,9,2.9,74,No,88.6,5.1,124.3,52.7,119.4,0,0,0,0,0,0
P0745,53,Female,21.4,6.9,130,5.3,5.2,68.2,No,81.6,4.8,90.5,64.5,119.3,0,0,0,0,0,0
P0746,32,Male,21,6.8,340,6.3,2.9,60.8,No,80.7,4.9,85.7,59.1,93,0,0,0,0,0,0
P0747,49,Male,21.5,6.3,435,5.6,5,79.2,No,80.9,5,65.3,54.8,114.2,0,0,0,0,0,0
P0748,41,Male,29.9,4.7,361,6.8,4.7,74.3,No,96.4,5.4,164.4,45.5,126.1,0,0,1,0,1,0
P0749,30,Male,20.9,6.5,105,7.7,4.2,46,No,88.2,5.1,98.9,59.9,110.6,0,0,0,0,0,0
P0750,38,Female,19.9,8.8,336,6.1,3.8,39.1,Yes,78.1,5,69.4,65.2,97.7,0,0,0,0,0,0
P0751,46,Male,22.6,7.3,251,6.3,4.1,78.6,No,89,5.1,106.5,51.9,126.5,0,0,0,0,0,0
P0752,64,Female,23.7,6.9,0,8.7,2.9,42.6,No,90.4,4.9,139.2,54.9,129.1,0,0,0,0,0,0
P0753,42,Male,26.4,6.1,181,7.4,2.5,47.9,No,85.2,5.1,140.7,49.2,119.4,0,0,0,0,0,0
P0754,66,Male,25.3,5.7,234,7.3,4.6,84,No,100,5.3,180.6,39.4,142,1,1,1,1,4,1
P0755,34,Male,25.1,6.4,212,7.3,4.3,69.4,No,94.1,5.6,107.4,48.7,115,0,0,0,0,0,0
P0756,57,Female,26.3,6.6,115,9.6,1.3,38.6,No,96.3,5.4,175.3,52.8,120.5,0,0,1,0,1,0
P0757,44,Male,21,7.2,179,6.3,3.4,55.2,Yes,76.6,4.5,56.3,52.9,110.3,0,0,0,0,0,0
P0758,61,Male,23.3,6.6,296,6.7,4.8,64.8,No,85.9,4.8,62.2,56.1,126.3,0,0,0,0,0,0
P0759,46,Male,25.7,6.8,337,6.4,5.7,35.5,No,88.7,5.2,111.6,60.2,132.2,0,1,0,0,1,0
P0760,48,Female,21.6,7.2,0,9.1,1.4,77.2,No,88.6,5.1,128.1,54.4,110,0,0,0,0,0,0
P0761,50,Male,28.5,6,149,8.2,3.5,49.7,No,104,5.3,172.6,52.2,126,1,0,1,0,2,1
P0762,55,Male,27,6.1,66,7.8,2.6,19.3,Yes,104.8,5.5,135.7,51.9,131.6,1,1,0,0,2,1
P0763,67,Female,23.2,6.4,147,6.2,5.3,18.6,No,94,5.1,76.3,67.6,124.9,0,0,0,0,0,0
P0764,20,Male,21.8,7,375,7.6,5.4,44.1,No,78,5,57.8,58.1,91.2,0,0,0,0,0,0
P0765,39,Male,23.9,6.2,332,6,5.4,47,No,81.9,5,77.5,55.3,113.6,0,0,0,0,0,0
P0766,61,Female,22.2,7.2,151,7.5,4.5,89.8,No,88.3,5.1,85.3,65.2,125.9,0,0,0,0,0,0
P0767,65,Female,22.8,7,0,7.8,4.3,82.7,No,110.6,5.5,137.7,59.3,130.5,1,1,0,0,2,1
P0768,28,Female,19.4,6.4,140,8.3,2.4,,No,88.6,5.2,84,56,114.7,0,0,0,0,0,0
P0769,55,Male,22.9,6.5,172,8.1,2.7,27.1,No,85.9,4.8,87.1,53.4,131.3,0,1,0,0,1,0
P0770,51,Male,25.4,5.9,140,8,5.3,90.7,Yes,99.6,5.4,120.9,48.8,126.4,0,0,0,0,0,0
P0771,24,Female,19.2,7.7,147,7.3,2.1,59.6,Yes,83,4.8,50.6,60.1,88.8,0,0,0,0,0,0
P0772,37,Female,28.5,5.1,91,9.4,1.5,33.2,No,103.1,5.3,199.2,42,121.5,1,0,1,1,3,1
P0773,43,Male,20.9,8,162,6.4,4.4,31.6,No,93.7,5.3,128,44.9,130.5,0,1,0,0,1,0
P0774,55,Male,20.8,7.3,334,5.5,6.1,81.8,No,83.2,4.9,55.3,65.9,112.9,0,0,0,0,0,0
P0775,52,Male,26.2,7.5,324,8.6,4.8,42.7,No,86.8,5.1,96.6,53.1,114.4,0,0,0,0,0,0
P0776,52,Female,22.4,7.5,393,7.9,5.2,93.8,No,89.8,5.1,79.5,67,113,0,0,0,0,0,0
P0777,54,Male,23.2,6.8,,7,4.5,33.3,No,86.4,5.2,73,46.9,118.9,0,0,0,0,0,0
P0778,28,Female,23.1,8.1,276,5.9,4.2,45.4,No,92.9,4.9,115,56.8,123.9,0,0,0,0,0,0
P0779,49,Male,24.2,,0,10.2,1.6,48.1,No,97.5,5.6,123.6,48.2,121.3,0,0,0,0,0,0
P0780,59,Male,24.7,5.5,43,9.1,1.7,64.1,No,104.2,5.5,197.9,38.3,132.5,1,1,1,1,4,1
P0781,35,Male,18.9,8.1,91,9.4,2.6,48.6,No,81.4,5,78.1,57.8,110.2,0,0,0,0,0,0
P0782,46,Male,24.9,,334,5.7,5.4,39,No,82.1,5.2,93.7,46.3,125.6,0,0,0,0,0,0
P0783,70,Male,26.9,5.3,0,9.6,1.2,24.8,No,111.6,6.1,149.4,42,140.6,1,1,0,0,2,1
P0784,61,Male,26.8,5.7,94,9.4,2.4,46.5,No,100.5,5.4,146.4,46.5,128.3,1,0,0,0,1,0
P0785,57,Male,19.1,6.6,259,6.3,4.2,48,No,83.1,4.8,79.4,56.8,121.4,0,0,0,0,0,0
P0786,42,Female,29.6,7.2,,8.1,2.9,41.9,No,91.6,5.6,137.3,52.9,115,0,0,0,0,0,0
P0787,59,Female,22.5,8,243,5.4,4.2,61.1,No,92.3,5.4,112,64.4,129.8,0,0,0,0,0,0
P0788,49,Female,24.3,7.2,183,8.3,4.5,79.9,No,86.3,5,115.6,62.3,107.1,0,0,0,0,0,0
P0789,62,Male,25.3,5.1,161,10,1.7,29.7,No,100.2,5.4,128.5,44,135.8,1,1,0,0,2,1
P0790,32,Male,27.7,6.8,104,9.3,1.8,49.1,Yes,95,5.6,115.5,44.4,95.6,0,0,0,0,0,0
P0791,50,Female,29.2,6.4,0,10.1,1,30.5,No,119.1,6.3,226.5,41.5,135.2,1,1,1,1,4,1
P0792,50,Female,20.8,7.1,221,7.5,2.9,66.8,No,97.7,5,93.1,64.5,111.9,0,0,0,0,0,0
P0793,63,Female,23.5,6.8,55,7.8,2.6,68,No,103.1,5.7,134.5,43.1,132.5,1,1,0,1,3,1
P0794,53,Male,19.6,6.9,324,6.9,2.9,54.6,No,81.6,4.8,68.1,59.1,114.2,0,0,0,0,0,0
P0795,36,Male,23.4,6.9,97,6.7,3.2,20.7,No,80,4.9,70.8,50.7,110.3,0,0,0,0,0,0
P0796,60,Female,21.6,5,102,10.2,1.4,23.8,No,100.2,5.1,171.9,59.5,120,1,0,1,0,2,1
P0797,55,Male,23.5,5.5,240,10.4,0.9,40.6,No,95.8,5.3,107.2,54.6,129.1,0,0,0,0,0,0
P0798,52,Male,23.6,7.1,148,7.6,2.1,31.6,No,103,5.5,131.4,45.2,129.9,1,0,0,0,1,0
P0799,72,Female,22.2,7.2,260,7.1,4.7,75.2,No,93.8,5.1,102.9,63.1,127.6,0,0,0,0,0,0
P0800,48,Female,25.6,7,107,9,2.6,14.3,No,92.9,5,106.3,56,126.5,0,0,0,0,0,0
